Video/ Audio,URL,Transit relevent ?,Count - video(past 12 months),Count - Meetings (past 12 months),Transportation Commission/City Counsil/ Planning Commission?,Mentioned Transportation Topic?,Transportation Commission Existed?,Transportation Commission video posted (>2 in the last year)?,"If no transportation commission, other meetings posted?",NAME2,AgencyName,NTDID,orgtype,pop,reptype,VOMS,mile,revenue,survey_response,Density,County,id,Contact Name,Email.x,Transit Operating Expense,size,CTA,Founded,OrgName,Organization Type,Website,Address,Zip,Phone,Primary Contact - Title,CALACT,Contact,Email.y,CATEGORY,OT,City
"Note: Google search Agency Name + Meeting video, check if there is YouTube video or Granicus; if not, check the official website",,,,,,,,,,,,,,,,,,,,,,,,,,,,,,,,,,,,,,,,,
No,,,,,,,,,,Access Services,Access Services,,Independent Public Agency,,,,,,0,,,,Andre Colaiace,Colaiace@asila.org,135605315,small,CTA Member,,Access Services,Public Operator,http://www.accessla.org,PO Box 5728,91734,213-270-6000,Strategic Planner,CALACT Member,Eric Haack,Haack@accessla.org,,Independent Public Agency,El Monte
Granicus,https://actransit.legistar.com/Calendar.aspx,Yes,36,90,,,,,,Alameda-Contra Costa Transit District,Alameda-Contra Costa Transit District,90014,Independent Public Agency,1425275,Full Reporter,794,364,520172455,1,6266,Alameda,Principal City,Beverly Greene,bgreene@actransit.org,435546632,large,CTA Member,,AC Transit,Public Operator,http://actransit.org,1600 Franklin Street,94612,510-891-7213,Accessible Services Manager,CALACT Member,Mallory Nestor-Brush,mnestor@actransit.org,,Independent Public Agency,Oakland
Own Website,https://spectrumstream.com/streaming/alhambra/live.cfm,No,19,150,,,,,,Alhambra,City of Alhambra,90247,Local Government,83089,Reduced Reporter,15,8,1893158,0,6999,Los Angeles,Suburban City,,,,,,,"Alhambra, City of",Local or Regional Government Agency,https://www.cityofalhambra.org,111 S First Street,91801,626-570-3254,Fleet Manager,CALACT Member,Joseph Villegas,jvillegas@cityofalhambra.org,,Local Government,Alhambra
Own Website,http://alpinecountyca.iqm2.com/citizens/default.aspx,No,30,43,,,,,,Alpine County Local Transportation Commission,,,MPO/RTPA,,,,,,0,,,,,,,,,,Alpine County Local Transportation Commission,Local or Regional Government Agency,https://www.transit.dot.go,50 Diamond Valley Road,96120,530-694-2140,Community Development Manager,CALACT Member,Debbie Burkett,dburkett@alpinecountyca.gov,,MPO/RTPA,Markleeville
YouTube,https://www.youtube.com/@altamontcorridorexpress/featured,No,1,,,,,,,Altamont Corridor Express,Altamont Corridor Express,90182,Independent Public Agency,4094704,Full Reporter,34,28,39739603,0,4005,San Joaquin,Principal City,,,,,,,,,,,,,,,,,,Independent Public Agency,Stockton
No,,,,,,,,,,Amador Regional Transit System,Amador Regional Transit System,9R02-91000,Independent Public Agency,,Rural Reporter,11,,,1,,Amador,Small Rural City,,,,,,,Amador Transit,Public Operator,http://www.amadortransit.com,11400 American Legion Drive,95642-9525,209-267-9395,General Manager,CALACT Member,Patricia Amarant,maggie@amadortransit.com,,Independent Public Agency,Jackson
No,,,,,,,,,,Anaheim Transportation Network,Anaheim Transportation Network,90211,Other,358000,Full Reporter,77,50,16990444,1,6999,Orange,Principal City,Diana Kotler,Dkotler@atnetwork.org,16000000,small,CTA Member,,,,,,,,,,,,,Other,Anaheim
No,,,,,,,,,,Antelope Valley Transit Authority,Antelope Valley Transit Authority,90121,Independent Public Agency,349050,Full Reporter,74,1200,33705489,1,2954,Los Angeles,Suburban City,Macy Neshati,mneshati@avta.com,24578186,small,CTA Member,,Antelope Valley Transit Authority,Public Operator,http://www.avta.com,42210 6th Street West,93534,661-945-9445,Executive Director/Chief Executive Officer,CALACT Member,Macy Neshati,Mneshati@avta.com,,Independent Public Agency,Lancaster
Own Website,https://spectrumstream.com/streaming/arcadia/live.cfm,No,21,21,,,,,,Arcadia,City of Arcadia,90044,Local Government,56364,Reduced Reporter,14,11,1792987,0,6999,Los Angeles,Principal City,Philip Wray,Pwray@arcadiaca.gov,1823710,small,CTA Member,,"Arcadia, City of",Local Government,https://www.arcadiaca.gov/,PO Box 60021,91066-6021,626-574-5435,Transportation Services Manager,CALACT Member,Linda Hui,lhui@arcadiaca.gov,Local Government,Local Government,Arcadia
Own Website,http://arcataca.iqm2.com/Citizens/Calendar.aspx,No,68,128,,,,,,Arcata,City of Arcata,9R02-91018,Local Government,,Rural Reporter,3,,,0,,Humboldt,Principal City,,,,,,,,,,,,,,,,,,Local Government,Arcata
No,,,,,,,,,,Arvin,City of Arvin,9R02-91027,Local Government,,Rural Reporter,6,,,1,,Kern,Small Rural City,,,,,,,"Arvin, City of",Local or Regional Government Agency,www.arvin.org,165 Plum Tree,93203,661-606-6055,Transportation Director,CALACT Member,Hesham Elshazly,heshame@arvin.org,,Local Government,Arvin
No,,,,,,,,,,Association of Monterey Bay Area Governments (AMBAG),Association of Monterey Bay Area Governments (AMBAG),,MPO/RTPA,,,,5151,,0,,,,,,,,,1975,,,,,,,,,,,,MPO/RTPA,Marina
Own Website,https://www.auburn.ca.gov/129/Agendas-Minutes,No,29,29,,,,,,Auburn,City of Auburn,9R02-91032,Local Government,,Rural Reporter,5,,,1,,Placer,Small Rural City,,,,,,,"Auburn, City of - Department of Public Works",Local or Regional Government Agency,http://www.auburn.ca.gov,1225 Lincoln Way Rm 3,95603,530-823-4211 x14,Human Resources Manager,CALACT Member,Shari Harris,sharris@auburn.ca.gov,,Local Government,Auburn
YouTube,https://www.youtube.com/@CityofAvalonCA/streams,No,39,,No/Yes/Yes,City Council/Planning Comission,"No, only planning commission exists",N/A,"Yes, Palnning Commision, City Council",Avalon,City of Avalon,90249,Local Government,3801,Reduced Reporter,4,1,819641,1,6999,Los Angeles,Suburban City,,,,,,,"Avalon, City of",Local or Regional Government Agency,http://cityofavalon.com,PO Box 707,90704,310-510-0220 x11,Grants Administrator,CALACT Member,Audra McDonald,Audra1@cityofavalon.com,,Local Government,Avalon
Granicus,https://baldwinpark.granicus.com/ViewPublisher.php?view_id=10,No,26,,,,,,,Baldwin Park,City of Baldwin Park,90251,Local Government,76056,Reduced Reporter,6,7,1459975,0,6999,Los Angeles,Suburban City,,,,,,,,,,,,,,,,,,Local Government,Baldwin Park
Own Website,https://banninglive.viebit.com/index.php?folder=ALL,No,19,,,,,,,Banning,,,Local Government,,,,,,0,,,,,,,,,,"Banning, City of",Local or Regional Government Agency,http://banning.ca.us/294/Contact-Us,PO Box 998,92220,951-922-3242,"Director Public Works, City Engineer",CALACT Member,Arturo Vela,avela@banningca.gov,,Local Government,Banning
YouTube,https://www.youtube.com/@TheCityofBeaumont/streams,No,20,,,,,,,Beaumont,,,Local Government,,,,,,0,,,,,,,,,,"Beaumont, City of",Local Government,www.beaumontca.gov,550 East 6th Street,92223,951-769-8530,Management Analyst,CALACT Member,Celina Cabrera,ccabrera@beaumontca.gov,Local Government,Local Government,Beaumont
Own Website,https://www.cityofbell.org/?NavID=101,No,20,,,,,,,Bell,City of Bell,90252,Local Government,35731,Reduced Reporter,7,3,345823,0,6999,Los Angeles,Suburban City,,,,,,,,,,,,,,,,,,Local Government,Bell
Own Website,https://www.bellgardens.org/i-want-to/watch-city-council-meetings,No,16,,,,,,,Bell Gardens,City of Bell Gardens,90253,Local Government,42889,Reduced Reporter,6,2,1111408,0,6999,Los Angeles,Suburban City,,,,,,,,,,,,,,,,,,Local Government,Bell Gardens
YouTube,https://www.youtube.com/@CityOfBellflower90706/videos,No,25,,,,,,,Bellflower,City of Bellflower,90254,Local Government,78106,Reduced Reporter,4,6,1553994,0,6999,Los Angeles,Suburban City,,,,,,,,,,,,,,,,,,Local Government,Bellflower
No,,,,,,,,,,Blue Lake Rancheria,Blue Lake Rancheria,99292,Other,,Reduced Reporter,1,,123569,0,0,Humboldt,Small Rural City,,,,,,,,,,,,,,,,,,Other,Blue Lake
Own Website,https://www.burbankca.gov/web/city-clerks-office/meeting-agendas-and-minutes,No,56,56,,,,,,Burbank,City of Burbank,90256,Local Government,104834,Reduced Reporter,14,17,1934429,0,6999,Los Angeles,Principal City,,,,,,,"Burbank, City of",Local Government,http://burbankca.gov,275 E Olive Avenue,91510,818-238-5359,Transportation Services Manager,CALACT Member,Adam Emmer,aemmer@burbankca.gov,Local Government,Local Government,Burbank
YouTube,https://www.youtube.com/channel/UCHidik5N5lu0dU8NwhK3hIw,No,5,,,,,,,Butte County Association of Governments,Butte County Association of Governments,90208,MPO/RTPA,187257,Full Reporter,48,202,14258314,1,2853,Butte,Principal City,,,,,,1980,Butte County Association of Governments,MPO/RTPA,http://www.bcag.org,326 Huss Drive Ste 150,95928,530-809-4616,Deputy Director,CALACT Member,Andy Newsum,anewsum@bcag.org,MPO/RTPA,MPO/RTPA,Chico
YouTube,https://www.youtube.com/@CityofCalabasas/playlists,Yes,21,,,,,,,Calabasas,City of Calabasas,90257,Local Government,24075,Reduced Reporter,13,13,721419,0,6999,Los Angeles,Suburban City,,,,,,,,,,,,,,,,,,Local Government,Calabasas
No,,,,,,,,,,Calaveras County Department of Public Works,Calaveras County Department of Public Works,9R02-91063,Local Government,,Rural Reporter,11,,,0,,Calaveras,Small Rural City,,,,,,,,,,,,,,,,,,Local Government,San Andreas
No,,,,,,,,,,Calaveras Transit Agency,,,Independent Public Agency,,,,,,0,,,,,,,,,,Calaveras Transit Agency,Independent Public Agency,www.CalaverasConnect.org,PO Box 280,95249,209-754-2094,Executive Director,CALACT Member,Amber Collins,acollins@calacog.org,Independent Public Agency,Independent Public Agency,San Andreas
YouTube,https://www.youtube.com/@TheCityofCamarillo,No,21,,,,,,,Camarillo,City of Camarillo,90163,Local Government,67845,Reduced Reporter,21,20,2262048,0,3263,Ventura,Principal City,,,,,,,"Camarillo, City of - Camarillo Area Transit",Local or Regional Government Agency,http://cityofcamarillo.org,601 Carmen Drive,93010,805-383-5614,Engineering Technician,CALACT Member,Tyler Nestved,tnestved@cityofcamarillo.org,,Local Government,Camarillo
Own Website,https://ci.carson.ca.us/government/videoarchive.aspx,No,17,17,,,,,,Carson,City of Carson,90258,Local Government,91714,Reduced Reporter,15,19,2869915,0,6999,Los Angeles,Principal City,,,,,,,,,,,,,,,,,,Local Government,Carson
No,,,,,,,,,,Central Contra Costa Transit Authority,Central Contra Costa Transit Authority,90078,Independent Public Agency,540067,Full Reporter,140,143,38306562,0,3023,Contra Costa,Suburban City,Rick Ramacier,ramacier@countyconnection.com,35443645,medium,CTA Member,,Central Contra Costa Transit Authority,Public Operator,https://www.countyconnection.com,2477 Arnold Industrial Way,94520,925-676-1976,General Manager,CALACT Member,Rick Ramacier,ramacier@cccta.org,,Independent Public Agency,Concord
Own Website,http://www.cerritos.us/RESIDENTS/tv3/video_archive.php,No,27,27,,,,,,Cerritos,City of Cerritos,90259,Local Government,50004,Reduced Reporter,16,9,1505685,0,6999,Los Angeles,Suburban City,,,,,,,,,,,,,,,,,,Local Government,Cerritos
No,,,,,,,,,,Chemehuevi Indian Tribe,Chemehuevi Indian Tribe,99316,Other,,Reduced Reporter,2,,2216280,0,0,San Bernardino,Suburban City,,,,,,,,,,,,,,,,,,Other,Havasu Lake
Facebook,https://www.facebook.com/ChowchillaCity/videos,No,28,,,,,,,Chowchilla,,,Local Government,,,,,,0,,,,,,,,,,"Chowchilla, City of",Local or Regional Government Agency,http://www.cityofchowchilla.org,130 S Second Street,93610,559-665-8615 x203,Transit Supervisor,CALACT Member,Robin Roman,rroman@cityofchowchilla.org,,Local Government,Chowchilla
Granicus,https://sanfrancisco.granicus.com/ViewPublisher.php?view_id=10,No,40,40,,,,,,City and County of San Francisco,City and County of San Francisco,90015,Independent Public Agency,883963,Full Reporter,1014,49,1397662475,0,6266,San Francisco,Principal City,Kate Breen,kate.breen@sfmta.com,915708076,large,CTA Member,,San Francisco Municipal Transportation Agency,Public Operator,https://www.sfmta.com/,1 South Van Ness 7th Flr,94103,415-701-4485,"Director, Accessible Services",CALACT Member,Annette Williams,Annette.Williams@sfmta.com,,Independent Public Agency,San Francisco
No,,,,,,,,,,CIty of Dinuba,CIty of Dinuba,9R02-91040,Local Government,,Rural Reporter,6,,,0,,Tulare,Small Rural City,,,,,,,"Dinuba, City of - Public Works Department",Local Government,http://www.dinuba.org/departments/public-works-department,1088 E Kamm Avenue,93618,559-591-5924,Business Manager,CALACT Member,George Avila,gavila@dinuba.ca.gov,Local Government,Local Government,Dinuba
Own Website,https://www.ci.claremont.ca.us/government/city-council/watch-city-council-meetings,No,23,23,,,,,,Claremont,,,Local Government,,,,,,0,,,,,,,,,,"Claremont, City of",Local or Regional Government Agency,https://www.ci.claremont.ca.us/,1616 Monte Vista Avenue,91711,909-399-5431,Community Services Manager,CALACT Member,Kristin Mikula,kmikula@ci.claremont.ca.us,,Local Government,Claremont
No,,,,,,,,,,Clovis - Transit,,,Local Government,,,,,,0,,,,,,,,,,"Clovis, City of - Transit",Local Government,www.cityofclovis.com/transit,155 N Sunnyside Avenue,93611,559-324-2770,General Services Manager,CALACT Member,Amy Hance,amyh@cityofclovis.com,Local Government,Local Government,Clovis
No,,,,,,,,,,Colusa County Transit Agency,,,Independent Public Agency,,,,,,0,,,,,,,,,,Colusa County Transit Agency,Public Operator,http://www.colusa-ca.gov/,715 D Street,95932,530-458-0287,Transit Manager,CALACT Member,Thomas Simms,tsimms@countyofcolusa.com,,Independent Public Agency,Colusa
YouTube,https://www.youtube.com/@CityOfCommerceCity/streams,No,40,,,,,,,Commerce,City of Commerce,90043,Local Government,12997,Full Reporter,14,11,5233802,0,6999,Los Angeles,Suburban City,Claude McFerguson,Claudem@ci.commerce.ca.us,5691233,small,CTA Member,,"Commerce , City of - Transportation Department",Local Government,www.ci.commerce.ca.us,5555 Jillson Street,90040,323-887-4419,Director of Transportation,CALACT Member,Claude McFerguson,ClaudeM@ci.commerce.ca.us,Local Government,Local Government,Commerce
Own Website,https://www.comptoncity.org/departments/city-clerk/agendas-meetings-and-minutes/video-archive,No,,,,,,,,Compton,City of Compton,90260,Local Government,97550,Reduced Reporter,7,10,1052783,0,6999,Los Angeles,Suburban City,,,,,,,"Compton, City of",Local or Regional Government Agency,http://comptoncity.org,205 S Willowbrook Avenue,90220,310-761-1422,Project Manager,CALACT Member,John Strickland,jstrickland@comptoncity.org,,Local Government,Compton
No,,,,,,,,,,Corcoran - Transit Division,,,Local Government,,,,,,0,,,,,,,,,,"Corcoran, City of - Transit Division",Local Government,http://www.cityofcorcoran.com,832 Whitley Avenue,93212,559-992-1216,Transit Coordinator,CALACT Member,Valerie Bega,Valerie.bega@cityofcorcoran.com,Local Government,Local Government,Corcoran
YouTube,https://www.youtube.com/@Innercirclecorona/streams,No,,,,,,,,Corona,City of Corona,90052,Local Government,166785,Reduced Reporter,15,41,3769544,1,3546,Riverside,Principal City,,,,,,,"Corona, City of",Local or Regional Government Agency,http://CoronaCA.gov/transit,400 S Vicentia Avenue Ste 210,92882,951-279-3763,Transportation Planning Supervisor,CALACT Member,Sudesh Paul,sudesh.paul@coronaca.gov,,Local Government,Corona
Granicus,https://corona.legistar.com/Calendar.aspx,No,23,23,,,,,,County of Placer,County of Placer,90196,Independent Public Agency,357463,Full Reporter,38,471,16212174,0,3660,Placer,Small Rural City,Will Garner,Wgarner@placer.ca.gov,14640128,small,CTA Member,,Placer County   PCT & TART,Independent Public Agency,http://www.placer.ca.gov/browse/transportation-travel/transit,3091 Country Center Drive Ste 220,95603,530-745-7582,Deputy Director - Placer DPW,CALACT Member,Will Garner,wgarner@placer.ca.gov,Independent Public Agency,Independent Public Agency,Auburn
No,,,,,,,,,,County of Sacramento Municipal Services Agency Department of Transportation,County of Sacramento Municipal Services Agency Department of Transportation,9R02-90216,Local Government,,Rural Reporter,13,,,0,,Sacramento,Principal City,,,,,,,,,,,,,,,,,,Local Government,Sacramento
No,,,,,,,,,,County of Shasta Department of Public Works,County of Shasta Department of Public Works,9R02-99438,Local Government,,Rural Reporter,0,,,0,,Shasta,Principal City,,,,,,,,,,,,,,,,,,Local Government,Redding
No,,,,,,,,,,County of Siskiyou,County of Siskiyou,9R02-91048,Local Government,,Rural Reporter,8,,,0,,Siskiyou,Small Rural City,,,,,,,,,,,,,,,,,,Local Government,Yreka
Granicus,https://sonoma-county.legistar.com/Calendar.aspx,No,65,65,,,,,,County of Sonoma,County of Sonoma,90089,Local Government,509142,Full Reporter,66,395,16471112,0,3146,Sonoma,Principal City,,,,,,,,,,,,,,,,,,Local Government,Santa Rosa
YouTube,,,20,,,,,,,County of Ventura,County of Ventura,90298,Local Government,14212,Reduced Reporter,4,4,584545,0,2509,Ventura,Suburban City,,,,,,,,,,,,,,,,,,Local Government,Ventura
Own Website,https://www.cityofcudahy.com/AgendaCenter,No,31,31,,,,,,Cudahy,City of Cudahy,90262,Local Government,24103,Reduced Reporter,6,1,275498,0,6999,Los Angeles,Suburban City,,,,,,,,,,,,,,,,,,Local Government,Cudahy
YouTube,https://www.youtube.com/@CityofCulverCityGov/streams,No,19,,,,,,,Culver City,City of Culver City,90039,Local Government,341718,Full Reporter,46,33,24619672,1,6999,Los Angeles,Suburban City,Rolando Cruz,rolando.cruz@culvercity.org,24109151,small,CTA Member,,"Culver City, City of",Local Government,https://www.culvercitybus.com/Home,4343 Duquesne Avenue,90232,951-500-4974,Deputy Transportation Officer,CALACT Member,Michael Tobin,michael.tobin@culvercity.org,Local Government,Local Government,Culver City
No,,,,,,,,,,Delano,City of Delano,90238,Local Government,53041,Reduced Reporter,9,50,2026213,0,5483,Kern,Small Rural City,,,,,,,"Delano, City of",Local Government,http://www.cityofdelano.org,PO Box 3010,93216,661-721-2602,Transit Manager,CALACT Member,Viviania Zamora,vzamora@cityofdelano.org,Local Government,Local Government,Delano
YouTube,https://www.youtube.com/channel/UCjWsukwVjG13PI3UugptpRg/live,No,20,,,,,,,Downey,City of Downey,90263,Local Government,111772,Reduced Reporter,16,13,2539257,0,6999,Los Angeles,Suburban City,,,,,,,"Downey, City of - Transit",Local Government,http://downeyca.org,7850 Quill Drive,90242,562-904-7238,Recreation Manager,CALACT Member,Jason Chacon,jchacon@downeyca.org,Local Government,Local Government,Downey
Own Website,https://www.accessduarte.com/government/agendas-minutes,No,30,30,,,,,,Duarte,City of Duarte,90264,Local Government,21724,Reduced Reporter,2,7,809799,0,6999,Los Angeles,Suburban City,,,,,,,,,,,,,,,,,,Local Government,Duarte
Granicus,https://bishop-ca.granicus.com/ViewPublisher.php?view_id=6,No,0,,,,,,,Eastern Sierra Transit Authority,Eastern Sierra Transit Authority,9R02-91062,Independent Public Agency,,Rural Reporter,44,,,0,,Inyo,Small Rural City,,,,,,,Eastern Sierra Transit Authority,Public Operator,http://www.estransit.com,PO Box 1357,93515,760-872-1901 x15,Executive Director,CALACT Member,Phil Moores,pmoores@estransit.com,,Independent Public Agency,Bishop
No,,,,,,,,,,El Dorado County Transit Authority,El Dorado County Transit Authority,90229,Independent Public Agency,147200,Full Reporter,34,1551,11385148,1,3660,El Dorado,Small Rural City,,,,,,,El Dorado County Transit Authority,Public Operator,http://www.eldoradotransit.com,6565 Commerce Drive,95619,530-642-5383,Executive Director,CALACT Member,Matt Mauk,mmauk@eldoradotransit.com,,Independent Public Agency,Diamond Springs
No,,,,,,,,,,El Dorado County Transportation Commission,,,MPO/RTPA,,,,,,1,,,,,,,,,,El Dorado County Transportation Commission,Local or Regional Government Agency,http://www.edctc.org,2828 Easy Street Ste 1,95667,530-642-5260,Executive Director,CALACT Member,Woodrow Deloria,wdeloria@edctc.org,,MPO/RTPA,Placerville
Own Website,https://www.ci.el-monte.ca.us/378/Council-Meeting-Videos,No,24,24,,,,,,El Monte,City of El Monte,90265,Local Government,201889,Reduced Reporter,13,10,3017151,1,6999,Los Angeles,Suburban City,,,,,,,"El Monte, City of",Local or Regional Government Agency,http://www.elmonteca.gov/,3990 Arden Drive,91731,626-580-2217,Transportation Operations Manager,CALACT Member,Sarah Zadok,szadok@elmonteca.gov,,Local Government,El Monte
Granicus,https://elkgrove.granicus.com/ViewPublisher.php?view_id=18,No,50,50,,,,,,Elk Grove,City of Elk Grove,90205,Local Government,171059,Full Reporter,54,42,12890543,0,3660,Sacramento,Small Rural City,Michael Costa,mcosta@elkgrovecity.org,9500590,small,CTA Member,,"Elk Grove, City of - Transit Services",Local or Regional Government Agency,http://cityofelkgrove.org,8401 Laguna Palms Way,95758,916-687-3030,Transit System Manager,CALACT Member,Mike Costa,mcosta@elkgrovecity.org,,Local Government,Elk Grove
YouTube,https://www.youtube.com/@cityofescalon3597/streams,No,,,,,,,,Escalon,City of Escalon,9R02-91078,Local Government,,Rural Reporter,2,,,1,,San Joaquin,Small Rural City,,,,,,,"Escalon, City of",Local Government,http://www.cityofescalon.org,2060 McHenry Avenue,95320,209-691-7265,Transit Coordinator,CALACT Member,John Andoh,transit@cityofescalon.org,Local Government,Local Government,Escalon
Granicus,http://eureka.granicus.com/ViewPublisher.php?view_id=2,No,28,28,,,,,,Eureka,City of Eureka,9R02-91093,Local Government,,Rural Reporter,4,,,0,,Humboldt,Principal City,,,,,,,,,,,,,,,,,,Local Government,Eureka
YouTube,https://www.youtube.com/playlist?list=PLqpqLYjOunlylxi469aKTmaGjhz_xZkPL,No,23,,,,,,,Fairfield,City of Fairfield,90092,Local Government,505849,Full Reporter,43,129,25766099,0,3388,Solano,Suburban City,Diane Feinstein,defeinstein@fairfield.ca.gov,11695535,small,CTA Member,,"Fairfield, City of",Local or Regional Government Agency,https://www.fairfield.ca.gov/,2000 Cadenasso Drive,94533,707-434-3800,Sr Management Analyst,CALACT Member,Diane Feinstein,defeinstein@fairfield.ca.gov,,Local Government,Fairfield
Granicus,http://folsom.granicus.com/ViewPublisher.php?view_id=2,No,23,,,,,,,Folsom,City of Folsom,90220,Local Government,78038,Reduced Reporter,7,24,2079819,0,3660,Sacramento,Principal City,,,,,,,,,,,,,,,,,,Local Government,Folsom
No,,,,,,,,,,Foothill Transit,Foothill Transit,90146,Independent Public Agency,1515836,Full Reporter,296,327,120996702,1,6999,Los Angeles,Suburban City,Doran Barnes,Dbarnes@foothilltransit.org,93218066,medium,CTA Member,,,,,,,,,,,,,Independent Public Agency,West Covina
YouTube,https://www.youtube.com/@cityoffresnocouncilboardsa557/streams,No,,,,,,,,Fresno,City of Fresno,90027,Local Government,527438,Full Reporter,150,133,77990171,1,3822,Fresno,Principal City,Gregory A. Barfield,gregory.barfield@fresno.gov,49349653,medium,CTA Member,,"Fresno, City of - Department of Transportation/FAX",Local or Regional Government Agency,http://www.fresno.gov,2223 G Street,93706,559-621-1101,Director of Transportation,CALACT Member,Gregory Barfield,Gregory.Barfield@fresno.gov,,Local Government,Fresno
No,,,,,,,,,,Fresno Council of Governments (Fresno COG),Fresno Council of Governments (Fresno COG),,MPO/RTPA,,,,6016,,1,,,,,,,,,1972,Fresno Council of Governments,Local or Regional Government Agency,www.fresnocog.org,2035 Tulare Street Ste 201,93721,559-233-4148,Senior Regional Planner,CALACT Member,Peggy Arnest,parnest@fresnocog.org,,MPO/RTPA,Fresno
No,,,,,,,,,,Fresno County Rural Transit Agency,Fresno County Rural Transit Agency,9R02-91007,Independent Public Agency,,Rural Reporter,90,,,1,,Fresno,Principal City,Moses Stites,mstites@fresnocog.org,4933077,small,CTA Member,,Fresno County Rural Transit Agency,Public Operator,http://ruraltransit.org,2035 Tulare Street Ste 201,93721,559-233-6789 x24,General Manager,CALACT Member,Moses Stites,mstites@fresnocog.org,,Independent Public Agency,Fresno
YouTube,https://www.youtube.com/@CityofGardena/streams,No,20,,,,,,,Gardena,City of Gardena,90042,Local Government,463968,Full Reporter,49,40,22483291,0,6999,Los Angeles,Principal City,Dana Pynn,dpynn@gardenabus.com,24172115,small,CTA Member,,"Gardena, City of",Local Government,http://www.ridegtrans.com,13999 S Western Avenue,90249,310-965-8811,Transit Administrative Officer,CALACT Member,Dana Pynn,dpynn@gardenabus.com,Local Government,Local Government,Gardena
YouTube,https://www.glendaleca.gov/government/public-meeting-portal,No,23,,,,,,,Glendale,City of Glendale,99423,Local Government,223467,Full Reporter,34,39,10052408,0,6999,Los Angeles,Principal City,,,,,,,"Glendale, City of",Local or Regional Government Agency,www.glendaleca.gov,1759 Gardena Avenue,91204,818-937-8330,Transit Manager,CALACT Member,Martha D'Andrea,MDAndrea@GlendaleCA.gov,,Local Government,Glendale
YouTube,https://www.youtube.com/@CityofGlendoraCA/playlists,No,24,,,,,,,Glendora,City of Glendora,90266,Local Government,51290,Reduced Reporter,13,19,858716,0,6999,Los Angeles,Suburban City,,,,,,,"Glendora, City of",Local or Regional Government Agency,http://www.cityofglendora.org/transportation,116 E Foothill Blvd,91741,626-852-4814,Transportation Superintendent,CALACT Member,Steven Mateer,smateer@cityofglendora.org,,Local Government,Glendora
Granicus,https://glenncounty.granicus.com/ViewPublisher.php?view_id=8,No,8,,,,,,,Glenn Transit Service,Glenn Transit Service,9R02-91088,Independent Public Agency,,Rural Reporter,4,,,0,,Glenn,Small Rural City,,,,,,,Glenn Transit Service,Public Operator,https://www.countyofglenn.net/dept/public-works/public-transit-transportation/welcome,225 N Tehama Street,95988,530-934-6540,Principal Planner,CALACT Member,Mardy Thomas,mthomas@countyofglenn.net,,Independent Public Agency,Willows
No,,,,,,,,,,Gold Coast Transit,Gold Coast Transit,90035,Independent Public Agency,367260,Full Reporter,72,84,35662954,1,4352,Ventura,Principal City,Steven Brown,Sbrown@goldcoasttransit.org,23851890,small,CTA Member,,Gold Coast Transit District,Public Operator,http://www.goldcoasttransit.org,1901 Auto Center Drive,93036,805-483-3959 x120,Paratransit & Special Project Manager,CALACT Member,Margaret Heath-Schoep,mschoep@gctd.org,,Independent Public Agency,Oxnard
YouTube,https://www.youtube.com/@goldenempiretransit5715/featured,No,0,,,,,,,Golden Empire Transit District,Golden Empire Transit District,90004,Independent Public Agency,497989,Full Reporter,87,111,32370558,0,3785,Kern,Principal City,Karen King,kking@getbus.org,29970475,small,CTA Member,,Golden Empire Transit District,Public Operator,http://getbus.org,1830 Golden State Avenue,93301,661-324-9874,Maintenance Manager,CALACT Member,Chris James,cjames@getbus.org,,Independent Public Agency,Bakersfield
YouTube,https://www.youtube.com/@goldengatedistrict/streams,Yes,9,,,Yes,"Yes, Transportation committee",8 posted,Not applicable,"Golden Gate Bridge, Highway and Transportation District","Golden Gate Bridge, Highway and Transportation District",90016,Independent Public Agency,896089,Full Reporter,154,145,129705916,0,6266,San Francisco,Principal City,Mona Babauta,mbabauta@goldengate.org,128150389,large,CTA Member,,,,,,,,,,,,,Independent Public Agency,San Francisco
YouTube,https://www.youtube.com/channel/UCaxeHWd9JkmvKnGFU8BAYQQ/live,No,12,,,,,,,Guadalupe,City of Guadalupe,9R02-91043,Local Government,,Rural Reporter,3,,,0,,,Small Rural City,,,,,,,,,,,,,,,,,,Local Government,GUADALUPE
No,,,,,,,,,,Humboldt Transit Authority,Humboldt Transit Authority,9R02-91036,Independent Public Agency,,Rural Reporter,14,,,0,,Humboldt,Principal City,Greg Pratt,greg@hta.org,7297025,small,CTA Member,,Humboldt Transit Authority,Public Operator,http://www.hta.org,133 V Street,95501,707-443-0826,General Manager,CALACT Member,Greg Pratt,greg@hta.org,,Independent Public Agency,Eureka
Zoom,https://www.imperialctc.org/meetings-and-agendas/commission,No,,Needs password,,,,,,Imperial County Transportation Commission,Imperial County Transportation Commission,90226,MPO/RTPA,179023,Full Reporter,28,425,7313641,0,3590,Imperial,Principal City,,,,,,,Imperial County Transportation Commission,MPO/RTPA,http://www.imperialctc.org,1503 N Imperial Avenue Ste 104,92243,760-592-4494,Executive Director,CALACT Member,Mark Baza,markbaza@imperialctc.org,MPO/RTPA,MPO/RTPA,El Centro
YouTube,https://www.youtube.com/@cityofinglewood/streams,No,48,,,,,,,Inglewood,City of Inglewood,90268,Local Government,222357,Reduced Reporter,12,21,972911,0,6999,Los Angeles,Suburban City,,,,,,,"Inglewood, City of",Local or Regional Government Agency,http://www.cityofinglewood.org,One Manchester Blvd,90301,310-412-4347,Transportation Manager,CALACT Member,Thomas Uwal,tuwal@cityofinglewood.org,,Local Government,Inglewood
YouTube,https://www.youtube.com/@OfficialKernCounty/streams,No,24,,,,,,,Kern COG,Kern COG,,MPO/RTPA,,,,8161,,0,,,,,,,,,1970,,,,,,,,,,,,MPO/RTPA,Bakersfield
No,,,,,,,,,,Kern Regional Transit,Kern Regional Transit,9R02-91059,Independent Public Agency,,Rural Reporter,45,,,0,,Kern,Principal City,,,,,,,Kern Regional Transit,Independent Public Agency,http://kerntransit.org,2700 M Street Ste 400,93301,661-862-8616,Manager,CALACT Member,Robert Neath,bobn@kerncounty.com,Independent Public Agency,Independent Public Agency,Bakersfield
No,,,,,,,,,,Kings County Area Public Transit Agency,Kings County Area Public Transit Agency,90200,Independent Public Agency,70408,Full Reporter,21,13,4735679,0,3170,Kings,Principal City,Angie Dow,angie.dow@co.kings.ca.us,3959970,small,CTA Member,,Kings County Area Public Transit Agency (KART),Public Operator,http://www.kartbus.org,610 W 7th Street,93230,559-852-2691,Executive Director,CALACT Member,Angie Dow,angie.dow@co.kings.ca.us,,Independent Public Agency,Hanford
No,,,,,,,,,,Kings County Association of Governments (KCAG),Kings County Association of Governments (KCAG),,MPO/RTPA,,,,1391,,0,,,,,,,,,2003,,,,,,,,,,,,MPO/RTPA,Lemoore
Own Website,https://www.cityoflamirada.org/about-us/agendas-and-minutes,No,,,,,,,,La Mirada,,,Local Government,,,,,,0,,,,,,,,,,"La Mirada, City of",Local Government,www.cityoflamirada.org/,13700 La Mirada Blvd,90638,562-943-0131,Community Services Supervisor,CALACT Member,Lisa Montoya,lmontoya@cityoflamirada.org,Local Government,Local Government,La Mirada
Own Website,https://www.lagunabeachcity.net/live-here/city-council/meetings-agendas-and-minutes,No,22,22,,,,,,Laguna Beach,City of Laguna Beach,90119,Local Government,22723,Full Reporter,23,9,3678884,0,3878,Orange,Suburban City,,,,,,,,,,,,,,,,,,Local Government,Laguna Beach
No,,,,,,,,,,Lake Transit Authority,Lake Transit Authority,9R02-91053,Independent Public Agency,,Rural Reporter,26,,,0,,Tulare,Principal City,Lisa Davey-Bates,ldaveybates@dbcteam.net,2852978,small,CTA Member,,Lake Transit Authority,Public Operator,http://www.laketransit.org,525 South Main Street Ste G,95482,707-234-3314,Executive Director,CALACT Member,Lisa Davey-Bates,ldaveybates@dbcteam.net,,Independent Public Agency,Visalia
No,,,,,,,,,,Lassen Transit Service Agency,Lassen Transit Service Agency,9R02-91098,Independent Public Agency,,Rural Reporter,5,,,1,,Lassen,Principal City,,,,,,,Lassen Transit Service Agency,Independent Public Agency,http://www.lassentransportation.com,707 Nevada Street Ste 4,96130,530-251-8305,Transportation Planner,CALACT Member,David Knaut,dknaut@co.lassen.ca.us,Independent Public Agency,Independent Public Agency,Susanville
YouTube,,,9,,,,,,,Lawndale,City of Lawndale,90280,Local Government,32769,Reduced Reporter,2,2,470270,0,6999,Los Angeles,Suburban City,,,,,,,,,,,,,,,,,,Local Government,Lawndale
No,,,,,,,,,,Livermore / Amador Valley Transit Authority,Livermore / Amador Valley Transit Authority,90144,Independent Public Agency,233853,Full Reporter,62,40,31303049,1,3023,Alameda,Principal City,Michael Tree,mtree@lavta.org,15515006,small,CTA Member,,Livermore/Amador Valley Transit Authority,Public Operator,http://www.wheelsbus.com,1362 Rutan Court Ste 100,94551,925-455-7555,Executive Director,CALACT Member,Michael Tree,mtree@lavta.org,,Independent Public Agency,Livermore
Granicus,https://lodica.granicus.com/ViewPublisher.php?view_id=2,No,33,,,,,,,Lodi,City of Lodi,90175,Local Government,67121,Reduced Reporter,16,16,4879737,1,4320,San Joaquin,Small Rural City,,,,,,,"Lodi, City of",Local Government,www.lodi.gov,PO Box 3006,95240,760-964-2345,"Transportation Manager, Public Works",CALACT Member,Georgia Graham,ggraham@lodi.gov,Local Government,Local Government,Lodi
No,,,,,,,,,,Lompoc,City of Lompoc,90149,Local Government,55666,Reduced Reporter,23,40,4973948,1,4816,Santa Barbara,Small Rural City,,,,,,,"Lompoc, City of - Transit",Local Government,http://cityoflompoc.com,1300 W Laurel Street  Bldg 4A,93436,805-875-8003,Purchasing Materials Manager,CALACT Member,Ray Ambler,r_ambler@ci.lompoc.ca.us,Local Government,Local Government,Lompoc
Granicus,http://longbeach.legistar.com/DepartmentDetail.aspx?ID=2515&GUID=51D10EDB-3096-48AD-A5B7-6A0CF2D3DBF5&Search=,No,0,,,,,,,Long Beach Transit,Long Beach Transit,90023,Other,849028,Full Reporter,197,100,117417425,1,6999,Los Angeles,Principal City,Kenneth A. McDonald,kmcdonald@lbtransit.com,88644865,medium,CTA Member,,,,,,,,,,,,,Other,Long Beach
YouTube,https://www.youtube.com/@LACityClerk,No,50,,Yes/Yes/Yes,Transportation Commitee/Planning Commision/ City Council,Yes,Not the Transportation Commission posting the video but the Transportation Committee. Transportation Commission is posting meeting minute but not videos. Transportation Committee is posting videos but the date is different from the meeting minute from Transportation Commission.,Not applicable,Los Angeles,City of Los Angeles,90147,Local Government,4849476,Full Reporter,359,465,150833167,1,6999,Los Angeles,Principal City,Kari Derderian,kari.derderian@lacity.org,92932856,small,CTA Member,,,,,,,,,,,,,Local Government,Los Angeles
No,,,,,,,,,,Los Angeles County Department of Public Works - Avocado Heights,Los Angeles County Department of Public Works - Avocado Heights,90270,Local Government,15500,Reduced Reporter,1,9,251372,0,6999,Los Angeles,Suburban City,,,,,,,,,,,,,,,,,,Local Government,Alhambra
No,,,,,,,,,,Los Angeles County Department of Public Works - East L.A.,Los Angeles County Department of Public Works - East L.A.,90271,Local Government,126496,Reduced Reporter,13,8,2510283,0,6999,Los Angeles,Suburban City,,,,,,,,,,,,,,,,,,Local Government,Alhambra
No,,,,,,,,,,Los Angeles County Department of Public Works - East Valinda,Los Angeles County Department of Public Works - East Valinda,90272,Local Government,22822,Reduced Reporter,1,15,266864,0,6999,Los Angeles,Suburban City,,,,,,,,,,,,,,,,,,Local Government,Alhambra
No,,,,,,,,,,Los Angeles County Department of Public Works - South Whittier,Los Angeles County Department of Public Works - South Whittier,90276,Local Government,86883,Reduced Reporter,4,5,1091545,0,6999,Los Angeles,Suburban City,,,,,,,,,,,,,,,,,,Local Government,Alhambra
No,,,,,,,,,,Los Angeles County Dept. of Public Works - Athens Shuttle Service,Los Angeles County Dept. of Public Works - Athens Shuttle Service,90269,Local Government,23159,Reduced Reporter,1,25,243360,0,6999,Los Angeles,Suburban City,,,,,,,,,,,,,,,,,,Local Government,Alhambra
No,,,,,,,,,,Los Angeles County Dept. of Public Works - Florence-Firestone,Los Angeles County Dept. of Public Works - Florence-Firestone,90273,Local Government,63387,Reduced Reporter,2,7,331191,0,6999,Los Angeles,Suburban City,,,,,,,,,,,,,,,,,,Local Government,Alhambra
No,,,,,,,,,,Los Angeles County Dept. of Public Works - King Medical Center Shuttle Service,Los Angeles County Dept. of Public Works - King Medical Center Shuttle Service,90274,Local Government,12358,Reduced Reporter,2,49,391677,0,6999,Los Angeles,Suburban City,,,,,,,,,,,,,,,,,,Local Government,Alhambra
No,,,,,,,,,,Los Angeles County Dept. of Public Works - Lennox Shuttle,Los Angeles County Dept. of Public Works - Lennox Shuttle,90275,Local Government,27897,Reduced Reporter,1,16,233086,0,6999,Los Angeles,Suburban City,,,,,,,,,,,,,,,,,,Local Government,Alhambra
No,,,,,,,,,,Los Angeles County Dept. of Public Works - Willowbrook Shuttle,Los Angeles County Dept. of Public Works - Willowbrook Shuttle,90278,Local Government,24798,Reduced Reporter,2,36,377958,0,6999,Los Angeles,Suburban City,,,,,,,,,,,,,,,,,,Local Government,Alhambra
Own Website,https://www.metro.net/about/board-directors-meetings-audio-archive/,Yes,198,,,,,,,Los Angeles County Metropolitan Transportation Authority,Los Angeles County Metropolitan Transportation Authority,90154,Independent Public Agency,8595119,Full Reporter,3458,1459,3556381509,1,6999,Los Angeles,Principal City,Michael Turner,Turnerm@metro.net,1824213933,large,CTA Member,,LACMTA/LA Metro,Public Operator,www.metro.net,One Gateway Plaza  MS 99-23-3,90012,213-922-6000,"Deputy Executive Officer, Countywide Plng & Development",CALACT Member,Fanny Pan,PanF@metro.net,,Independent Public Agency,Los Angeles
Own Website,https://www.lynnwoodwa.gov/Government/City-Council/City-Council-Meetings,No,59,,,,,,,Lynwood,City of Lynwood,90281,Local Government,72015,Reduced Reporter,4,5,820114,0,6999,Los Angeles,Suburban City,,,,,,,,,,,,,,,,,,Local Government,Lynwood
YouTube,https://www.youtube.com/@CityofMaderaTV,No,41,,,,,,,Madera,City of Madera,90199,Local Government,66225,Reduced Reporter,17,16,2134957,0,3502,Madera,Principal City,,,,,,,"Madera, City of",Local or Regional Government Agency,http://www.cityofmadera.ca.gov,205 W 4th Street,93637,559-661-3692,Program Manager,CALACT Member,David Huff,dhuff@madera.gov,,Local Government,Madera
No,,,,,,,,,,Madera County,Madera County,9R02-91005,Local Government,,Rural Reporter,6,,,0,,Madera,Principal City,,,,,,,Madera County Public Works Department,Local Government,http://madera-county.com,200 West 4th Street,93637,559-675-7811,District Manager,CALACT Member,Phillip Toler,philip.toler@maderacounty.com,Local Government,Local Government,Madera
No,,,,,,,,,,Madera County Transportation Commission (Madera CTC),Madera County Transportation Commission (Madera CTC),,MPO/RTPA,,,,2152,,0,,,,,,,,,2003,,,,,,,,,,,,MPO/RTPA,Madera
Granicus,https://www.manteca.gov/departments/legislative-services-city-clerk/city-council-video,No,73,,,,,,,Manteca,City of Manteca,90217,Local Government,81345,Reduced Reporter,5,21,2902291,0,3828,San Joaquin,Small Rural City,Juan Portillo,jportillo@ci.manteca.ca.us,1557388,small,CTA Member,,"Manteca, City of",Local Government,http://www.MantecaTransit.com,220 Moffat Blvd,95336,209-456-8775,Transit Supervisor,CALACT Member,Juan Portillo,jportillo@ci.manteca.ca.us,Local Government,Local Government,Manteca
No,,,,,,,,,,Marin County Transit District,Marin County Transit District,90234,Independent Public Agency,262573,Full Reporter,85,520,43062740,0,6266,Marin,Principal City,Nancy Whelan,nwhelan@marintransit.org,28718227,small,CTA Member,,Marin County Transit District,Public Operator,www.marintransit.org,711 Grand Avenue Ste 110,94901,415-226-0855,Director of Planning & Operations,CALACT Member,Robert Betts,rbetts@marintransit.org,,Independent Public Agency,San Rafael
No,,,,,,,,,,Mariposa County Department of Public Works,,,Local Government,,,,,,0,,,,,,,,,,Mariposa County Department of Public Works,Local or Regional Government Agency,https://www.mariposacounty.org/171/Public-Works,4639 Ben Hur Road,95338,209-966-5356,Transportation Planner,CALACT Member,Jeannie Morvay-Clayton,jclayton@mariposacounty.org,,Local Government,Mariposa
No,,,,,,,,,,Maywood,City of Maywood,90284,Local Government,27748,Reduced Reporter,5,2,417380,0,6999,Los Angeles,Suburban City,,,,,,,,,,,,,,,,,,Local Government,Maywood
No,,,,,,,,,,Mendocino Transit Authority,Mendocino Transit Authority,9R02-91047,Independent Public Agency,,Rural Reporter,23,,,0,,Mendocino,Principal City,"Jacob King, Sr",jacob@mendocinotransit.org,5649889,small,CTA Member,,Mendocino Transit Authority,Public Operator,http://mendocinotransit.org/,241 Plant Road,95482,707-462-1422,Executive Director,CALACT Member,Jacob King,jacob@mendocinotransit.org,,Independent Public Agency,Ukiah
YouTube,https://www.youtube.com/channel/UCUo8JYBGMjM55Ez2ooIBVfA/playlists,No,11,,,,,,,Merced County Association of Governments (MCAG),Merced County Association of Governments (MCAG),,MPO/RTPA,,,,1971,,0,,,,,,,,,1986,,,,,,,,,,,,MPO/RTPA,Merced
Granicus,https://mtc.granicus.com/account/login?ReturnUrl=%2F,Yes,14,,,,,,,Metropolitan Transportation Commission (MTC),Metropolitan Transportation Commission (MTC),,MPO/RTPA,,,,7485,,1,,,,,,,,,1970,,,,,,,,,,,,MPO/RTPA,Oakland
YouTube,https://www.youtube.com/@TheCityofModesto/streams,No,30,,,,,,,Modesto,City of Modesto,90007,Local Government,253607,Full Reporter,63,59,21276152,0,3898,Stanislaus,Principal City,Adam Barth,abarth@modestogov.com,16934237,small,CTA Member,,"Modesto, City of - Transit",Local Government,http://www.modestoareaexpress.com,PO Box 642,95354,209-577-5292,,CALACT Member,NA NA,,Local Government,Local Government,Modesto
No,,,,,,,,,,Modoc County Transportation Commission,,,MPO/RTPA,,,,,,0,,,,,,,,,,Modoc County Transportation Commission,Public Operator,http://modoctransportation.com,108 S Main Street,96101,530-233-6410,Executive Director,CALACT Member,Debbie Pedersen,dpedersen@modoctransportation.com,,MPO/RTPA,Alturas
No,,,,,,,,,,Modoc Transportation Agency,Modoc Transportation Agency,9R02-91008,Local Government,,Rural Reporter,3,,,0,,Modoc,Small Rural City,,,,,,,,,,,,,,,,,,Local Government,Alturas
YouTube,https://www.youtube.com/@kgemtv/streams,No,37,,,,,,,Monrovia Public Works,,,Local Government,,,,,,0,,,,,,,,,,"Monrovia, City of Public Works",Local or Regional Government Agency,http://www.cityofmonrovia.org/,600 South Mountain Avenue,91016,626-932-5553,Administrative Officer,CALACT Member,Alex Tachiki,atachiki@ci.monrovia.ca.us,,Local Government,Monrovia
YouTube,https://www.youtube.com/@cityofmontebello-governmen7226/streams,No,47,,,,,,,Montebello,City of Montebello,90041,Local Government,315074,Full Reporter,107,151,31314137,0,6999,Los Angeles,Suburban City,Anthony Rodriguez,AnthonyRodriguez@cityofmontebello.com,29765075,medium,CTA Member,,,,,,,,,,,,,Local Government,Montebello
No,,,,,,,,,,Montebello Bus Lines,,,Independent Public Agency,,,,,,0,,,,,,,,,,Montebello Bus Lines,Public Operator,http://www.ridembl.com/,400 S Taylor Avenue,90640,323-558-1625,Transit Administration Manager,CALACT Member,John Soria,jsoria@cityofmontebello.com,,Independent Public Agency,Montebello
YouTube,https://www.youtube.com/@tamcmonterey/videos,No,12,,,,,,,"Monterey County, Transportation Agency (TAMC)",,,Local Government,,,,,,0,,,,,,,,,,"Monterey County, Transportation Agency (TAMC)",Local or Regional Government Agency,http://www.tamcmonterey.org,55-B Plaza Circle,93901,831-775-0903,Principal Transportation Planner,CALACT Member,Todd Muck,todd@tamcmonterey.org,,Local Government,Salinas
Granicus,https://www.montereypark.ca.gov/133/City-Council-Meeting-Videos,No,27,,,,,,,Monterey Park,City of Monterey Park,90286,Local Government,62240,Reduced Reporter,10,8,1625168,0,6999,Los Angeles,Suburban City,,,,,,,"Monterey Park, City of - Public Works",Local or Regional Government Agency,http://www.montereypark.ca.gov,320 W Newmark Avenue,91754,626-307-1383,Principal Management Analyst,CALACT Member,Bonnie Tam,btam@montereypark.ca.gov,,Local Government,Monterey Park
YouTube,https://www.youtube.com/@MontereySalinasTransit/streams,No,27,,,,,,,Monterey-Salinas Transit,Monterey-Salinas Transit,90062,Independent Public Agency,437907,Full Reporter,120,294,76577503,1,2952,Monterey,Small Rural City,Carl Sedoryk,Csedoryk@mst.org,45144870,medium,CTA Member,,,,,,,,,,,,,Independent Public Agency,Monterey
Granicus,https://www.moorparkca.gov/327/City-CouncilSuccessor-Agency-Meeting-Age,No,30,,,,,,,Moorpark,City of Moorpark,90227,Local Government,36828,Reduced Reporter,2,12,967307,0,2509,Ventura,Suburban City,,,,,,,"Moorpark, City of",Local Government,http://www.moorparkca.gov,799 Moorpark Avenue,93021,805-517-6257,Program Manager,CALACT Member,Shaun Kroes,skroes@moorparkca.gov,Local Government,Local Government,Moorpark
No,,,,,,,,,,Morongo Basin Transit Authority,Morongo Basin Transit Authority,9R02-91090,Independent Public Agency,,Rural Reporter,19,,,1,,San Bernardino,Suburban City,Joe Meer,joe@mbtabus.com,3677801,small,CTA Member,,Morongo Basin Transit Authority,Public Operator,http://mbtabus.com,62405 Verbena Road,92252,760-366-2986,Director of Cooperative Procurement Programs,CALACT Member,Joe Meer,joe@mbtabus.com,,Independent Public Agency,Joshua Tree
YouTube,https://www.youtube.com/@cityofmorrobay6796/featured,No,74,,No/ Yes/ Yes,City Council/ Planning Commission,No,Not applicable,Planning commission/ City council ,Morro Bay,,,Local Government,,,,,,0,,,,,,,,,,"Morro Bay, City of",Local Government,http://www.morrobayca.gov,595 Harbor Street,93442,805-772-6200,Management Analyst,CALACT Member,Janeen Burlingame,jburlingame@morrobayca.gov,Local Government,Local Government,Morro Bay
No,,,,,,,,,,Mountain Area Regional Transit Authority,Mountain Area Regional Transit Authority,9R02-91012,Independent Public Agency,,Rural Reporter,11,,,0,,San Bernardino,Suburban City,,,,,,,Mountain Transit,Public Operator,http://www.mountaintransit.org,PO Box 1501,92315,909-878-5200,General Manager,CALACT Member,Sandy Benson,sbenson@mountaintransit.org,,Independent Public Agency,Big Bear Lake
No,,,,,,,,,,Napa Valley Transportation Authority,Napa Valley Transportation Authority,90088,Independent Public Agency,138000,Full Reporter,41,45,10810380,0,3250,Napa,Principal City,Kate Miller,kmiller@nvta.ca.gov,10697524,small,CTA Member,,Napa Valley Transportation Authority,Public Operator,http://www.nvta.ca.gov,625 Burnell Street,94559-2951,707-259-8631,Director of Finance,CALACT Member,Antonio Onorato,aonorato@nvta.ca.gov,,Independent Public Agency,Napa
No,,,,,,,,,,Needles,City of Needles,9R02-91020,Local Government,,Rural Reporter,1,,,0,,San Bernardino,Suburban City,,,,,,,"Needles, City of",Local or Regional Government Agency,http://www.cityofneedles.com,817 Third Street,92363,760-326-2113 x115,Community Services Manager,CALACT Member,Cheryl K. Sallis,csallis@cityofneedles.com,,Local Government,Needles
YouTube,https://www.youtube.com/@CountyofNevadaCA/streams,No,32,,,,,,,Nevada County Transit Services,Nevada County Transit Services,9R02-91095,Independent Public Agency,,Rural Reporter,10,,,1,,Nevada,Small Rural City,,,,,,,Nevada County Transit Services,Independent Public Agency,http://goldcountrystage.com,950 Maidu Avenue,95959,530-477-0103 x1003,Transit Services Manager,CALACT Member,Robin Van Valkenburgh,robin.vanvalkenburgh@co.nevada.ca.us,Independent Public Agency,Independent Public Agency,Nevada City
YouTube,https://www.youtube.com/@cityofnorco9651/streams,No,25,,,,,,,Norco,,,Local Government,,,,,,0,,,,,,,,,,"Norco, City of",Local or Regional Government Agency,www.norco.ca.us,2870 Clark Avenue,92860,951-735-3900,Deputy City Manager,CALACT Member,Brian K. Petree,bpetree@ci.norco.ca.us,,Local Government,Norco
YouTube,https://www.youtube.com/@gonctd/streams,No,33,,,,,,,North County Transit District,North County Transit District,90030,Independent Public Agency,849420,Full Reporter,233,403,112373383,1,4037,San Diego,Small Rural City,Suheil Rodriguez,srodriguez@nctd.org,101243066,medium,CTA Member,,,,,,,,,,,,,Independent Public Agency,Oceanside
Granicus,https://www.norwalk.org/city-hall/meeting-agendas-393,No,44,72,,,,,,Norwalk,City of Norwalk,90022,Independent Public Agency,637365,Full Reporter,29,37,15555959,0,6999,Los Angeles,Suburban City,James C. Parker,jparker@norwalkca.gov,13448699,small,CTA Member,,Norwalk Transit System,Independent Public Agency,http://www.norwalk.org/city-hall/departments/norwalk-transit-system-nts,12700 Norwalk Blvd,90650,562-929-5533,Executive Director of Regional Transportation,CALACT Member,James C. Parker,jparker@norwalkca.gov,Independent Public Agency,Independent Public Agency,Norwalk
Granicus,https://ojai.ca.gov/525/2968/Agendas-Minutes,No,28,,,,,,,Ojai,City of Ojai,9R02-91058,Local Government,,Rural Reporter,2,,,0,,Ventura,Suburban City,,,,,,,"Ojai, City of - Public Works",Local Government,http://www.ojaitrolley.com,408 S Signal Street,93023,805-646-5581 x200,Transit Operations Supervisor,CALACT Member,Phil Pulley,pulley@ojaicity.org,Local Government,Local Government,Ojai
No,,,,,,,,,,Omnitrans,Omnitrans,90029,Independent Public Agency,1500107,Full Reporter,250,466,113078655,0,3546,San Bernardino,Principal City,Erin Rogers,erin.rogers@omnitrans.org,83331930,medium,CTA Member,,,,,,,,,,,,,Independent Public Agency,San Bernardino
Granicus,https://www.octa.net/about/leadership/board-of-directors/live-archived-audio/,Yes,100,,,,,,,Orange County Transportation Authority,Orange County Transportation Authority,90036,Independent Public Agency,2869428,Full Reporter,1495,435,303853586,0,6999,Orange,Principal City,Darrell Johnson,djohnson@octa.net,268901712,large,CTA Member,,Orange County Transportation Authority,Public Operator,http://www.octa.net,550 S Main Street,92863,714-560-6282,Section Manager II,CALACT Member,Gracie Davis,gdavis@octa.net,,Independent Public Agency,Orange
No,,,,,,,,,,Palo Verde Valley Transit Agency,,,Independent Public Agency,,,,,,0,,,,,,,,,,Palo Verde Valley Transit Agency,Public Operator,http://pvvta.com,415 N Main Street,92225,760-922-1140,Transit General Manager,CALACT Member,George Colangeli,paloverdebus@yahoo.com,,Independent Public Agency,Blythe
No,,,,,,,,,,Palos Verdes Peninsula Transit Authority,Palos Verdes Peninsula Transit Authority,90287,Independent Public Agency,64272,Reduced Reporter,27,22,2237184,0,6999,Los Angeles,Suburban City,,,,,,,Palos Verdes Peninsula Transit Authority,Public Operator,http://www.palosverdes.com/pvtransit,PO Box 2656,90274,310-544-7108,Administrator,CALACT Member,Martin Gombert,transit@pvtransit.net,,Independent Public Agency,Palos Verdes Peninsula
Own Website,https://www.cityofpasadena.net/city-clerk/audio-video-archives//,No,41,,,,,,,Pasadena,City of Pasadena,99424,Local Government,142250,Full Reporter,31,23,8933820,0,6999,Los Angeles,Principal City,,,,,,,"Pasadena, City of",Local or Regional Government Agency,http://cityofpasadena.net/,221 E Walnut Street Ste 199,91101,626-744-4055,Transit Manager,CALACT Member,Valerie Gibson,vgibson@cityofpasadena.net,,Local Government,Pasadena
No,,,,,,,,,,Peninsula Corridor Joint Powers Board,Peninsula Corridor Joint Powers Board,90134,Independent Public Agency,3614716,Full Reporter,141,425,456033767,0,6266,San Mateo,Suburban City,,,,,,,,,,,,,,,,,,Independent Public Agency,San Carlos
YouTube,https://www.youtube.com/@cityofpetaluma1858,Yes,43,,Yes/ Yes/ Yes,Planning Commision/ City Council/ Transit Advisory Committee,Yes. Transit Advisory Committee,2 posted. videos started to be posted since 2022/08,Not applicable,Petaluma,City of Petaluma,90213,Local Government,60870,Full Reporter,16,12,2887652,0,3008,Sonoma,Principal City,Jared Hall,jhall@ci.petaluma.ca.us,2647092,small,CTA Member,,"Petaluma, City of - Petaluma Transit",Local Government,http://transit.cityofpetaluma.net/,555 N McDowell Blvd,94954,707-778-4421,Transit Manager,CALACT Member,Jared Hall,jhall@ci.petaluma.ca.us,Local Government,Local Government,Petaluma
YouTube,https://www.youtube.com/c/CityofPicoRiveraOfficial/playlists?app=desktop,No,19,,,,,,,Pico Rivera,,,Local Government,,,,,,0,,,,,,,,,,"Pico Rivera, City of",Local or Regional Government Agency,www.pico-rivera.org,6615 Passons Blvd,90660,562-942-2000,Interim Director,CALACT Member,Sonya Patterson,spatterson@pico-rivera.org,,Local Government,Pico Rivera
No,,,,,,,,,,Plumas County Transportation Commission,Plumas County Transportation Commission,9R02-91119,MPO/RTPA,,Rural Reporter,8,,,0,,Plumas,Small Rural City,,,,,,,Plumas County Transportation Commission,Local or Regional Government Agency,http://www.countyofplumas.com,1834 E Main Street,95971,530-283-6492,Assistant Director,CALACT Member,John Mannle,johnmannle@countyofplumas.com,,MPO/RTPA,Quincy
No,,,,,,,,,,Plumas Transit,,,Independent Public Agency,,,,,,0,,,,,,,,,,Plumas Transit,Public Operator,https://www.plumastransit.com/,711 E Main Street,95971,530-283-2538,Plumas Transit Coordinator,CALACT Member,Kelly McElwain,kmcelwain@plumasruralservices.org,,Independent Public Agency,Quincy
No,,,,,,,,,,Pomona Valley Transportation Authority,,,Independent Public Agency,,,,,,0,,,,,,,,,,Pomona Valley Transportation Authority,Public Operator,http://pvtrans.org,2120 Foothill Blvd Ste 116,91750,909-596-7664,Administrator,CALACT Member,George Sparks,glspvta@gmail.com,,Independent Public Agency,La Verne
YouTube,https://www.youtube.com/channel/UC5KuhSrNMNL9nwHJVtnJvvA/videos,No,52,,,,,,,Porterville,City of Porterville,90198,Local Government,75691,Reduced Reporter,13,49,5788400,0,3426,Tulare,Small Rural City,,,,,,,"Porterville, City of",Local Government,http://www.ridept.com,291 N Main Street,93257,559-782-7448,Transit Manager,CALACT Member,Richard Tree,rtree@ci.porterville.ca.us,Local Government,Local Government,Porterville
No,,,,,,,,,,Redding Area Bus Authority,Redding Area Bus Authority,90093,Independent Public Agency,117478,Full Reporter,28,100,8522825,0,1657,Shasta,Principal City,Chuck Aukland,caukland@ci.redding.ca.us,5849087,small,CTA Member,,Redding Area Bus Authority,Public Operator,https://www.cityofredding.org/departments/redding-area-bus-authority,777 Cypress Avenue,96001,530-225-4012,Assistant Director,CALACT Member,"Charles Aukland, P.E.",caukland@ci.redding.ca.us,,Independent Public Agency,Redding
Own Website,https://www.cityofredlands.org/meeting-agendas-minutes,No,46,50,,,,,,Redlands,,,Local Government,,,,,,0,,,,,,,,,,"Redlands, City of",Local or Regional Government Agency,www.cityofredlands.org,PO Box 3005,92373,909-798-7572,Recreation Coordinator,CALACT Member,David Jaffe,djaffe@cityofredlands.org,,Local Government,Redlands
Granicus,https://redondo.legistar.com/Calendar.aspx,No,137,165,,,,,,Redondo Beach,City of Redondo Beach,90214,Local Government,67233,Full Reporter,14,13,3853674,0,6999,Los Angeles,Suburban City,Joyce Rooney,joyce.rooney@redondo.org,3788299,small,CTA Member,,"Redondo Beach, City of - Transit Division",Local Government,http://www.beachcitiestransit.org,415 Diamond Street,90277,310-318-0610 x2670,Transit Operations & Transportation Facilities Mgr,CALACT Member,Joyce Rooney,joyce.rooney@redondo.org,Local Government,Local Government,Redondo Beach
YouTube,https://www.youtube.com/@CountyOfDelNorte/streams,Yes,70,,,,,,,Redwood Coast Transit Authority,Redwood Coast Transit Authority,9R02-91097,Independent Public Agency,,Rural Reporter,8,,,1,,Tulare,Principal City,,,,,,,Redwood Coast Transit Authority,Public Operator,www.redwoodcoasttransit.org/,1275 4th Street Ste 733,95404,707-235-3078,General Manager,CALACT Member,Joseph Rye,tmtpconsulting@gmail.com,,Independent Public Agency,Visalia
YouTube,https://www.youtube.com/@CityofRidgecrest/videos,No,24,,,,,,,Ridgecrest,City of Ridgecrest,9R02-91006,Local Government,,Rural Reporter,5,,,0,,Kern,Small Rural City,,,,,,,"Ridgecrest, City of - Transit Division",Local Government,http://ci.ridgecrest.ca.us,100 W California Avenue,93555,760-499-5041,Transit Service Coordinator,CALACT Member,Christopher Smith,csmith@ridgecrest-ca.gov,Local Government,Local Government,Ridgecrest
Granicus,https://www.riovistacity.com/citycouncil/page/meeting-agenda-attachments-minutes-video,No,42,,,,,,,Rio Vista,City of Rio Vista,9R02-91014,Local Government,,Rural Reporter,3,,,0,,Solano,Suburban City,,,,,,,"Rio Vista, City of",Local or Regional Government Agency,http://rio-vista-ca.com,1 Harbor Center Ste 130,94585,707-399-3234,Transit Mobility Coordinator,CALACT Member,Brandon Thomson,bthomson@sta.ca.gov,,Local Government,Rio Vista
Granicus,https://riversideca.legistar.com/Calendar.aspx,Yes,270,343,Yes/ Yes/ Yes,Transportation Board,Yes. Transportation Board,4 posted,Has video for all the commission/ board/ committee,Riverside,,,Local Government,,,,,,1,,,,,,,,,,"Riverside, City of",Local Government,http://www.riversideca.gov,3900 Main Street,92522,951-351-6182,Transit Manager,CALACT Member,Ron Profeta,rprofeta@riversideca.gov,Local Government,Local Government,Riverside
YouTube,https://www.youtube.com/@RCTC/streams,No,8,,,,,,,Riverside County Transportation Commission,Riverside County Transportation Commission,90218,MPO/RTPA,1800000,Full Reporter,49,2100,282674,1,3546,Riverside,Principal City,,,,,,,Riverside County Transportation Commission,MPO/RTPA,https://www.rctc.org/,4080 Lemon Street 3rd Flr,92501,951-787-7141,Multi Modal Services Director,CALACT Member,Llrelle Moe-Luna,lmoe-luna@rctc.org,MPO/RTPA,MPO/RTPA,Riverside
YouTube,https://www.youtube.com/@RiversideTransit/streams,No,20,,,,,,,Riverside Transit Agency,Riverside Transit Agency,90031,Independent Public Agency,2018724,Full Reporter,293,2725,84611533,1,3546,Riverside,Principal City,Jim Kneepkens,Jkneepkens@RiversideTransit.com,79372860,medium,CTA Member,,Riverside Transit Agency,Public Operator,http://www.riversidetransit.com,1825 Third Street,92507,951-565-5000,Contract Operations Manager,CALACT Member,Stephanie Sirls,ssirls@riversidetransit.com,,Independent Public Agency,Riverside
No,,,,,,,,,,Rosemead,City of Rosemead,90289,Local Government,54908,Reduced Reporter,5,5,817427,0,6999,Los Angeles,Suburban City,,,,,,,"Rosemead, City of",Local or Regional Government Agency,http://cityofrosemead.org,8838 East Valley Blvd,91770,626-569-2117,Admisitrative Analtst,CALACT Member,Silvia Llamas,sllamas@cityofrosemead.org,,Local Government,Rosemead
YouTube,https://www.youtube.com/@CityofRosevilleCa,Yes,74,,,,,,,Roseville,City of Roseville,90168,Local Government,137213,Reduced Reporter,24,43,8556046,0,3660,Placer,Principal City,Mike Dour,mdour@roseville.ca.us,5749314,small,CTA Member,,"Roseville, City of",Local Government,http://www.roseville.ca.us/transit,316 Vernon Street Ste 150,95678,916-774-5293,Transportation Manager,CALACT Member,Mike Dour,mdour@roseville.ca.us,Local Government,Local Government,Roseville
YouTube,https://www.youtube.com/@SacramentoAreaCOG,Yes,49,,,,,,,Sacramento Area COG (SACOG),Sacramento Area COG (SACOG),,MPO/RTPA,,,,6189,,0,,,,,,,,,1967,,,,,,,,,,,,MPO/RTPA,Sacramento
No,,,,,,,,,,Sacramento County Department of Transportation,,,Independent Public Agency,,,,,,0,,,,,,,,,,Sacramento County Department of Transportation,Public Operator,www.sacdot.com,4111 Branch Center Road,95827,916-874-6291,Transit and Bicycle Coordinator,CALACT Member,Mikki McDaniel,mcdanielm@saccounty.net,,Independent Public Agency,Sacramento
YouTube,https://www.youtube.com/@sacramentoregionaltransit7384/streams,No,14,,,,,,,Sacramento Regional Transit District,Sacramento Regional Transit District,90019,Independent Public Agency,1031946,Full Reporter,232,226,182219059,0,3660,Sacramento,Principal City,Henry Li,hli@sacrt.com,167750861,large,CTA Member,,Sacramento Regional Transit District,Public Operator,http://www.sacrt.com,1400  29th Street,95812,916-556-0140,"VP, Operations",CALACT Member,Carmen Alba,calba@sacrt.com,,Independent Public Agency,Sacramento
No,,,,,,,,,,San Benito County LTA,San Benito County LTA,9R02-91009,Independent Public Agency,,Rural Reporter,18,,,1,,San Benito,Small Rural City,,,,,,,San Benito Local Transportation Authority,Public Operator,http://www.SanBenitoCountyExpress.org,330 Tres Pinos Road Ste C7,95023,831-637-7665,Transportation Planner,CALACT Member,Regina Valentine,regina@sanbenitocog.org,,Independent Public Agency,Hollister
YouTube,https://www.youtube.com/c/sandagmeetings,Yes,227,,,,,,,San Diego Association of Governments (SANDAG),San Diego Association of Governments (SANDAG),,MPO/RTPA,,,,4260,,0,,,,,,,,,1972,San Diego Association of Governments (SANDAG),Local or Regional Government Agency,http://www.sandag.org,401 B Street Ste 800,92101,619-699-1900,Senior Transit Planner,CALACT Member,Brian Lane,bla@sandag.org,,MPO/RTPA,San Diego
Own Website,http://meetings.sbcag.org,No,10,,,,,,,San Diego Metropolitan Transit System,San Diego Metropolitan Transit System,90026,Independent Public Agency,2462707,Full Reporter,793,720,420980160,1,4037,San Diego,Principal City,Sharon Cooney,Sharon.cooney@sdmts.com,287965111,large,CTA Member,,San Diego Metropolitan Transit System,Public Operator,http://www.sdmts.com,1255 Imperial Avenue Ste 1000,92101,619-238-0100,Manager of Paratransit,CALACT Member,Jay Washburn,jay.washburn@sdmts.com,,Independent Public Agency,San Diego
Granicus,https://bart.legistar.com/Calendar.aspx,Yes,37,118,,,,,,San Francisco Bay Area Rapid Transit District,San Francisco Bay Area Rapid Transit District,90003,Independent Public Agency,1834004,Full Reporter,566,113,1267968890,0,6266,Alameda,Principal City,Roddrick Lee,rlee@bart.gov,746607508,large,CTA Member,,,,,,,,,,,,,Independent Public Agency,Oakland
YouTube,https://www.youtube.com/@SanFranciscoBayFerry/videos,No,12,,,,,,,San Francisco Bay Area Water Emergency Transportation Authority,San Francisco Bay Area Water Emergency Transportation Authority,90225,Independent Public Agency,281832,Full Reporter,10,127,138686602,0,6266,San Francisco,Principal City,,,,,,,,,,,,,,,,,,Independent Public Agency,San Francisco
YouTube,https://www.youtube.com/@SanJoaquinCountyCA,No,55,,,,,,,San Joaquin COG (SJCOG),San Joaquin COG (SJCOG),,MPO/RTPA,,,,1425,,0,,,,,,,,,1968,,,,,,,,,,,,MPO/RTPA,Stockton
No,,,,,,,,,,San Joaquin Regional Transit District,San Joaquin Regional Transit District,90012,Independent Public Agency,744835,Full Reporter,92,1426,47075745,0,4005,San Joaquin,Principal City,,,,,,,San Joaquin Regional Transit District,Public Operator,http://www.sanjoaquinrtd.com,PO Box 201010,95201,209-943-1111,Deputy CEO,CALACT Member,Kimberly Gayle,kgayle@sanjoaquinrtd.com,,Independent Public Agency,Stockton
YouTube,https://www.youtube.com/c/CityofSanLuisObispo,No,42,,No/ Yes/ Yes,City Council/ Planning Commission,No,Not Applicable,"Yes. City Council, Planning Commission",San Luis Obispo,City of San Luis Obispo,90156,Local Government,46997,Full Reporter,12,22,3581723,0,2901,San Luis Obispo,Principal City,Megan Weeks,mweeks@slocity.org,3887648,small,CTA Member,,"San Luis Obispo, City of (SLO Transit)",Local or Regional Government Agency,http://www.slotransit.org,919 Palm Street,93401,805-783-7818,Transit Coordinator,CALACT Member,Megan Weeks,mweeks@slocity.org,,Local Government,San Luis Obispo
Own Website,https://slo-span.org/meeting/slocog-slorta_20230405/,Yes,3,,,,,,,San Luis Obispo COG (SLOCOG),San Luis Obispo COG (SLOCOG),,MPO/RTPA,,,,3323,,1,,,,,,,,,1992,San Luis Obispo Council of Governments,Local or Regional Government Agency,https://www.slocog.org,1114 Marsh Street,93401,805-781-4219,Mobility Planning and Programs Lead,CALACT Member,Sarah Woolsey,swoolsey@slocog.org,,MPO/RTPA,San Luis Obispo
Own Website,https://slo-span.org/meeting/slocog-slorta_20230405/,Yes,3,,,,,,,San Luis Obispo Regional Transit Authority,San Luis Obispo Regional Transit Authority,90206,Independent Public Agency,206008,Full Reporter,47,130,13203518,0,2901,San Luis Obispo,Principal City,Geoff Straw,gstraw@slorta.org,9800113,small,CTA Member,,San Luis Obispo Regional Transit Authority,Public Operator,www.slorta.org,179 Cross Street Ste A,93401,805-781-4472,Operations Manager,CALACT Member,Omar McPherson,omcpherson@slorta.org,,Independent Public Agency,San Luis Obispo
Granicus,https://www.smcta.com/about-us/board-directors/video-board-directors-cac-and-smcel-jpa,Yes,36,,,,,,,San Mateo County Transit District,San Mateo County Transit District,90009,Independent Public Agency,777905,Full Reporter,399,97,167333762,0,6266,San Mateo,Suburban City,Carter Mau,mauc@samtrans.com,138065735,large,CTA Member,,San Mateo County Transit District (SAMTRANS),Public Operator,http://www.samtrans.com,PO Box 1306,94070-1306,650-508-6247,Manager Accessible Transit Services,CALACT Member,Tina Dubost,dubostc@samtrans.com,,Independent Public Agency,San Carlos
Granicus,https://sanpablo.legistar.com/Calendar.aspx,No,34,,No/ Yes/ Yes,City Council,No,Not Applicable,"Yes. City Council, Planning Commission",San Pablo,,,Local Government,,,,,,1,,,,,,,,,,"San Pablo, City of",Local or Regional Government Agency,http://www.ci.san-pablo.ca.us/,1000 Gateway Avenue,94806,510-215-3097,Community Services Coordinator I,CALACT Member,Maria Garcia,MGarcia@sanpabloca.gov,,Local Government,San Pablo
Granicus,http://meetings.sbcag.org,No,6,,,,,,,Santa Barbara County Association of Governments (SBCAG),Santa Barbara County Association of Governments (SBCAG),,MPO/RTPA,,,,2751,,1,,,,,,,,,1966,,,,,,,,,,,,MPO/RTPA,Santa Barbara
YouTube,https://www.youtube.com/@santabarbaramtdtv/playlists,No,5,,,,,,,Santa Barbara Metropolitan Transit District,Santa Barbara Metropolitan Transit District,90020,Independent Public Agency,199668,Full Reporter,93,52,28487336,0,3507,Santa Barbara,Principal City,Jerry Estrada,Jestrada@sbmtd.gov,25215320,small,CTA Member,,Santa Barbara Metropolitan Transit District,Public Operator,www.sbmtd.gov,550 Olive Street,93101,805-963-3366,General Manager,CALACT Member,Jerry Estrada,jestrada@sbmtd.gov,,Independent Public Agency,Santa Barbara
YouTube,https://www.youtube.com/@SCVTA/streams,Yes,17,,,,,,,Santa Clara Valley Transportation Authority,Santa Clara Valley Transportation Authority,90013,Independent Public Agency,1956598,Full Reporter,642,346,699549825,1,5820,Santa Clara,Principal City,Carolyn Gonot,general.manager@vta.org,439756911,large,CTA Member,,Santa Clara Valley Transportation Authority,Public Operator,http://vta.org,3331 N First Street,95134,408-321-7034,Regional Transportation Services Manager,CALACT Member,Erik Zandhuis,erik.zandhuis@vta.org,,Independent Public Agency,San Jose
YouTube,https://www.youtube.com/@transparentscv,Yes,12,,,,,,,Santa Clarita,City of Santa Clarita,90171,Local Government,252271,Full Reporter,91,78,26536819,0,3371,Los Angeles,Suburban City,Adrian Aguilar,aaguilar@santa-clarita.com,23386832,small,CTA Member,,"Santa Clarita, City of",Local Government,santaclaritatransit.com,28250 Constellation Road,91355,661-295-6300,Admin. Analyst,CALACT Member,Grace Ferguson,gferguson@santa-clarita.com,Local Government,Local Government,Santa Clarita
YouTube,https://www.youtube.com/@CTVsantacruz,Yes,187,,,,,,,Santa Cruz Metropolitan Transit District,Santa Cruz Metropolitan Transit District,90006,Independent Public Agency,274146,Full Reporter,105,446,49013366,0,2806,Santa Cruz,Principal City,Alex Clifford,aclifford@scmtd.com,53527521,medium,CTA Member,,Santa Cruz Metropolitan Transit District,Public Operator,http://www.scmtd.com,110 Vernon Street,95060,831-426-6080,Chief Executive Officer,CALACT Member,Alex Clifford,aclifford@scmtd.com,,Independent Public Agency,Santa Cruz
YouTube,https://www.youtube.com/channel/UCJmFa7tkAJ3J5D4p4SZoHvQ,No,25,,,,,,,Santa Fe Springs,,,Local Government,,,,,,0,,,,,,,,,,"Santa Fe Springs, City of",Local or Regional Government Agency,http://www.santafesprings.org,11710 Telegraph Road,90670,562-868-0511,Transportation Services Supervisor,CALACT Member,Jose Barrios,joebarrios@santafesprings.org,,Local Government,Santa Fe Springs
Own Website,https://www.cityofsantamaria.org/city-government/departments/city-clerk-records/agendas-reports-meeting-videos,No,34,,,,,,,Santa Maria,City of Santa Maria,90087,Local Government,120097,Full Reporter,26,34,8869483,1,4479,Santa Barbara,Principal City,Cindy Ransdell,cransdell@cityofsantamaria.org,3897116,small,CTA Member,,"Santa Maria, City of -Transit",Local Government,http://www.ci.santa-maria.ca.us,110 S Pine Street Ste 221,93458,805-925-0951 x2480,Management Analyst I,CALACT Member,Cindy Ransdell,cransdell@cityofsantamaria.org,Local Government,Local Government,Santa Maria
YouTube,https://www.youtube.com/@Citytv16santamonica/streams,No,69,,No/ Yes/ Yes,City Council/ Planning Commission,No,Not Applicable,"Yes. City Council, Planning Commission, Rent Control. (do not see videos for other commisions)",Santa Monica,City of Santa Monica,90008,Local Government,855918,Full Reporter,172,59,88156921,1,6999,Los Angeles,Principal City,Edward King,Ed.King@smgov.net,82884697,medium,CTA Member,,,,,,,,,,,,,Local Government,Santa Monica
YouTube,https://www.youtube.com/@CityofSantaRosa/streams,Yes,241,,,,,,,Santa Rosa,City of Santa Rosa,90017,Local Government,181594,Full Reporter,36,51,12832003,1,3146,Sonoma,Principal City,Rachel Ede,rede@srcity.org,13589657,small,CTA Member,,"Santa Rosa, City of-CityBus",Local or Regional Government Agency,http://www.srcity.org/transit,45 Stony Point Road,95401,707-543-3333,Deputy Director,CALACT Member,Rachel Ede,rede@srcity.org,,Local Government,Santa Rosa
YouTube,https://www.youtube.com/@yourSRTA,No,6,,,,,,,Shasta Regional Transportation Agency (SRTA),Shasta Regional Transportation Agency (SRTA),,MPO/RTPA,,,,3843,,0,,,,,,,,,1981,Shasta Regional Transportation Agency,Public Operator,srta@srta.ca.gov,1255 East Street Ste 202,96001,530-262-6190,Executive Director,CALACT Member,Daniel S. Little,dlittle@srta.ca.gov,,MPO/RTPA,Redding
YouTube,https://www.youtube.com/@CityOfSimiValley/streams,No,33,,,,,,,Simi Valley,City of Simi Valley,90050,Local Government,126878,Reduced Reporter,17,47,7812922,1,3983,Ventura,Suburban City,Janet Krebs,JKrebs@simivalley.org,7712839,small,CTA Member,,"Simi Valley, City of",Local or Regional Government Agency,http://www.simivalley.org/transit,2929 Tapo Canyon Road,93063,805-583-6456,Deputy Public Works Director,CALACT Member,Benjamin Gonzales,bgonzales@simivalley.org,,Local Government,Simi Valley
Own Website,https://www.co.siskiyou.ca.us/recent_meetings,No,48,128,,,,,,Siskiyou County Transit,Siskiyou County Transit,,Independent Public Agency,,,,,,0,,,,Angie Stumbaugh,astumbaugh@co.siskiyou.ca.us,2002834,small,CTA Member,,Siskiyou County (STAGE),Public Operator,http://www.co.siskiyou.ca.us/GS/stage.aspx,190 Greenhorn Road,96097,530-842-8220,Transportation Manager,CALACT Member,Angela Stumbaugh,astumbaugh@co.siskiyou.ca.us,,Independent Public Agency,Yreka
No,,,,,,,,,,Solano County Transit,Solano County Transit,90232,Independent Public Agency,149473,Full Reporter,41,65,18474403,0,3929,Solano,Principal City,Beth Kranda,beth@soltransride.com,13852413,small,CTA Member,,Solano County Transit (SOLTRANS),Public Operator,http://www.soltransride.com,311 Sacramento Street,94590,707-736-6990,Executive Director,CALACT Member,Beth Kranda,beth@soltransride.com,,Independent Public Agency,Vallejo
No,,,,,,,,,,Solano Transportation Authority,Solano Transportation Authority,,Local Government,,,,,,0,,,,Ron Grassi,rgrassi@sta.ca.gov,537512,small,CTA Member,,Solano Transportation Authority,Local or Regional Government Agency,www.sta.ca.gov,One Harbor Center Ste 130,94583,707-424-6075,Director of Programs,CALACT Member,Ron Grassi,rgrassi@sta.ca.gov,,Local Government,Suisun
Own Website,https://www.cityofsolvang.com/agendacenter,No,37,49,,,,,,Solvang,City of Solvang,9R02-91028,Local Government,,Rural Reporter,3,,,0,,Santa Barbara,Small Rural City,,,,,,,"Solvang, City of",Local Government,http://www.cityofsolvang.com/,411 Second Street,93463,805-688-5575,Public Works Director/City Engineer,CALACT Member,Matt Van Der Linden,mattv@cityofsolvang.com,Local Government,Local Government,Solvang
No,,,,,,,,,,Sonoma County Transit,Sonoma County Transit,,Independent Public Agency,,,,,,0,,,,Bryan Albee,Bkalbee@sctransit.com,15950402,small,CTA Member,,Sonoma County Transit,Public Operator,http://www.sctransit.com,355 W Robles Avenue,95407,707-585-7516,Transit Systems Manager,CALACT Member,Bryan Albee,bkalbee@sctransit.com,,Independent Public Agency,Santa Rosa
Granicus,https://www.sonomamarintrain.org/watch-board-mtg,No,20,,,,,,,Sonoma-Marin Area Rail Transit District,Sonoma-Marin Area Rail Transit District,90299,Independent Public Agency,763651,Full Reporter,11,2596,61569671,1,3146,Sonoma,Principal City,,,,,,,,,,,,,,,,,,Independent Public Agency,Petaluma
Own Website,https://southelmonteca.portal.civicclerk.com,No,16,,,,,,,South El Monte,,,Local Government,,,,,,0,,,,,,,,,,"South El Monte, City of",Local or Regional Government Agency,http://cityofsouthelmonte.org,1556 Central Avenue,91733,626-448-0131,Senior Services Supervisor,CALACT Member,Andres Gonzalez,agonzalez@soelmonte.org,,Local Government,South El Monte
Own Website,https://www.cityofsouthgate.org/Government/Public-Meetings/Agendas-and-Minutes-Archive,No,18,62,,,,,,South Gate,City of South Gate,90291,Local Government,99578,Reduced Reporter,14,8,1776673,0,6999,Los Angeles,Suburban City,,,,,,,"South Gate, City of",Local or Regional Government Agency,http://cityofsouthgate.org,4900 Southern Avenue,90280,323-563-5478,Interim Director of Parks & Recreation,CALACT Member,Steve Costley,scostley@sogate.org,,Local Government,South Gate
Own Website,https://scag.ca.gov/scag-tv-regional-council-2023-meeting-videos,No,10,,,,,,,Southern California Association of Governments (SCAG),Southern California Association of Governments (SCAG),,MPO/RTPA,,,,38649,,0,,,,,,,,,1975,,,,,,,,,,,,MPO/RTPA,Los Angeles
Granicus,https://metrolinktrains.com/about/board-meetings/agendas-documents/,No,39,,,,,,,Southern California Regional Rail Authority,Southern California Regional Rail Authority,90151,Independent Public Agency,8341002,Full Reporter,195,2291,314485845,0,6999,Los Angeles,Principal City,,,,,,,,,,,,,,,,,,Independent Public Agency,Los Angeles
No,,,,,,,,,,Stanislaus COG (StanCOG),Stanislaus COG (StanCOG),,MPO/RTPA,,,,1514,,0,,,,,,,,,1972,Stanislaus Council of Governments  (SCOG),Local or Regional Government Agency,http://stancog.org,1111 I Street Ste 308,95354,209-525-4600,Executive Director,CALACT Member,Rosa De Leon Park,rpark@stancog.org,,MPO/RTPA,Modesto
Own Website,https://www.stancounty.com/bos/agenda/2023/,No,34,,,,,,,Stanislaus Regional Transit,Stanislaus Regional Transit,90236,Independent Public Agency,547899,Reduced Reporter,29,1492,6379272,1,3898,Stanislaus,Principal City,Leticia Ortiz,ortizle@stancounty.com,6076789,small,CTA Member,,Stanislaus Regional Transit Authority,Independent Public Agency,http://www.stancog.org/srta-committee.shtm,912 11th Street,95354,209-477-7011,CEO,CALACT Member,Phil McGuire,pmcguire@stanrta.org,Independent Public Agency,Independent Public Agency,Modesto
No,,,,,,,,,,SunLine Transit Agency,SunLine Transit Agency,90079,Independent Public Agency,460275,Full Reporter,96,1120,49074315,0,2403,Riverside,Suburban City,Lauren Skiver,lskiver@sunline.org,32560810,small,CTA Member,,SunLine Transit Agency,Public Operator,http://sunline.org,32-505 Harry Oliver Trail,92276,760-343-3456,Chief Executive Officer/General Manager,CALACT Member,Lauren Skiver,lskiver@sunline.org,,Independent Public Agency,Thousand Palms
No,,,,,,,,,,Susanville Indian Rancheria,Susanville Indian Rancheria,99256,Other,,Reduced Reporter,4,,168893,0,0,Lassen,Principal City,,,,,,,,,,,,,,,,,,Other,Susanville
Youtube,https://www.youtube.com/@CityofTaft/streams,No,32,,,,,,,Taft,,,Local Government,,,,,,0,,,,,,,,,,"Taft, City of",Local or Regional Government Agency,https://www.cityoftaft.org/,209 E Kern Street,93268,661-763-1222 x118,Finance Director,CALACT Member,Teresa Binkley,tbinkley@cityoftaft.org,,Local Government,Taft
Youtube,https://www.youtube.com/@katherinehuston/videos,No,15,,,,,,,Tahoe MPO (TMPO),Tahoe MPO (TMPO),,MPO/RTPA,,,,512,,0,,,,,,,,,1998,,,,,,,,,,,,MPO/RTPA,Stateline
No,,,,,,,,,,Tahoe Transportation District,Tahoe Transportation District,,Independent Public Agency,,,,,,0,,,,Carl Hasty,Chasty@tahoetransportation.org,5895368,small,CTA Member,,,,,,,,,,,,,Independent Public Agency,
Granicus,http://tehamacountyca.iqm2.com/Citizens/Default.aspx,Yes,115,153,,,,,,Tehama County,Tehama County,9R02-91089,Local Government,,Rural Reporter,12,,,0,,Tehama,Small Rural City,,,,,,,,,,,,,,,,,,Local Government,Gerber
Own Website,http://tehamacountyca.iqm2.com/Citizens/Calendar.aspx?From=1/1/1900&To=12/31/9999,Yes,11,,,,,,,Tehama County Transportation Commission,,,MPO/RTPA,,,,,,1,,,,,,,,,,Tehama County Transportation Commission & Transit Agency Board,Local or Regional Government Agency,http://www.taketrax.com,9380 San Benito Avenue,96038,530-385-1462 x3028,Transportation Manager,CALACT Member,Jessica Riske-Gomez,jriskegomez@tehamartpa.org,,MPO/RTPA,Gerber
No,,,,,,,,,,The Eastern Contra Costa Transit Authority,The Eastern Contra Costa Transit Authority,90162,Independent Public Agency,318700,Full Reporter,78,225,29407492,1,3412,Contra Costa,Suburban City,Jeanne Krieg,Jkrieg@eccta.org,20602901,small,CTA Member,,Eastern Contra Costa Transit Authority dba Tri Delta Transit,Public Operator,http://trideltatransit.com,801 Wilbur Avenue,94509,925-754-6622,Chief Executive Officer,CALACT Member,Jeanne Krieg,jkrieg@eccta.org,,Independent Public Agency,Antioch
Own Website,https://toaks.primegov.com/public/portal,Yes,48,,,,,,,Thousand Oaks,City of Thousand Oaks,90165,Local Government,414742,Reduced Reporter,28,167,7422964,1,2509,Ventura,Principal City,Mike Houser,mhouser@toaks.org,4580283,small,CTA Member,,"Thousand Oaks, City of - Thousand Oaks Transit",Local Government,http://www.totransit.org,2100 E Thousand Oaks Blvd,91362,805-449-2494,Senior Transit Analyst,CALACT Member,Mike Houser,mhouser@toaks.org,Local Government,Local Government,Thousand Oaks
Granicus,http://torrance.granicus.com/ViewPublisher.php?view_id=8,No,28,,,,,,,Torrance,City of Torrance,90010,Local Government,606847,Full Reporter,84,103,25610872,0,6999,Los Angeles,Principal City,Kim Turner,Kturner@torranceca.gov,25104134,small,CTA Member,,,,,,,,,,,,,Local Government,Torrance
Own Website,https://www.townoftruckee.com/government/town-clerk/meeting-agendas-and-packets,No,0,79,,,,,,Town of Truckee,Town of Truckee,9R02-91101,Local Government,,Rural Reporter,6,,,1,,Nevada,Principal City,,,,,,,"Truckee, Town of",Local Government,http://www.townoftruckee.com,10183 Truckee Airport Road,96161,530-582-2489,Administrative Analyst II,CALACT Member,Kelly Beede,kbeede@townoftruckee.com,Local Government,Local Government,Truckee
Own Website,https://www.cityoftracy.org/government/city-council/council-meeting-videos,No,53,,,,,,,Tracy,City of Tracy,90197,Local Government,85182,Reduced Reporter,13,20,4614693,1,3935,San Joaquin,Small Rural City,,,,,,,"Tracy, City of",Local Government,www.ridetracer.com,50 E 6th Street,95376,209-831-4287,Management Analyst II,CALACT Member,Ed Lovell,ed.lovell@cityoftracy.org,Local Government,Local Government,Tracy
YouTube,https://www.mcagov.org/agendacenter,No,5,24,,,,,,Transit Joint Powers Authority for Merced County,Transit Joint Powers Authority for Merced County,90173,Independent Public Agency,136957,Full Reporter,52,310,12524081,0,2882,Merced,Principal City,Christine Chavez,christine.chavez@mercedthebus.com,10021048,small,CTA Member,,Merced County Transit Joint Powers Authority,Independent Public Agency,http://mercedthebus.com,369 W 18th Street,95340,209-723-3100,Executive Director,CALACT Member,Stacie Guzman,stacie.guzman@mcagov.org,Independent Public Agency,Independent Public Agency,Merced
YouTube,https://www.youtube.com/user/dforslund/featured,No,46,,,,,,,Trinity County,Trinity County,9R02-91035,Local Government,,Rural Reporter,4,,,0,,Trinity,Small Rural City,,,,,,,Trinity County Department of Transportation,Local Government,http://www.trinitytransit.org,PO Box 2490,96093,530-623-1365,Transportation Planner,CALACT Member,Kimiko Taguchi,ktaguchi@trinitycounty.org,Local Government,Local Government,Weaverville
YouTube,https://www.youtube.com/@cityoftulare3805/streams,No,52,,,,,,,Tulare,City of Tulare,90244,Local Government,63515,Full Reporter,10,21,3046436,0,3460,Tulare,Small Rural City,,,,,,,"Tulare, City of",Local or Regional Government Agency,http://www.tulare.ca.gov,411 E Kern Avenue,93274,559-684-4252,Transit Coordinator,CALACT Member,Paul Echevarria,pechevarria@tulare.ca.gov,,Local Government,Tulare
No,,,,,,,,,,Tulare County Area Transit,Tulare County Area Transit,9R02-91055,Independent Public Agency,,Rural Reporter,24,,,1,,Tulare,Principal City,,,,,,,Tulare County Area Transit (TCAT),Independent Public Agency,http://www.co.tulare.ca.us/Government/RMA/Transit,5961 S Mooney Blvd,93277,559-624-7180,Chief Engineer,CALACT Member,Ross Miller,rmiller@tularecounty.ca.gov,Independent Public Agency,Independent Public Agency,Visalia
No,,,,,,,,,,Tulare County Association of Governments (TCAG),Tulare County Association of Governments (TCAG),,MPO/RTPA,,,,4838,,0,,,,,,,,,1982,,,,,,,,,,,,MPO/RTPA,Visalia
No,,,,,,,,,,Tulare County Regional Transit Agency,,,Local Government,,,,,,1,,,,,,,,,,Tulare County Regional Transit Agency,Local or Regional Government Agency,https://tularecog.org,210 N Church Street Ste B,93291,559-623-0452,Executive Director,CALACT Member,Richard Tree,rtree@tularecag.ca.gov,,Local Government,Visalia
Granicus,https://www.tuolumnecounty.ca.gov/745/Board-Meetings,No,39,,,,,,,Tuolumne County Transit,Tuolumne County Transit,9R02-91057,Independent Public Agency,,Rural Reporter,20,,,0,,Tuolumne,Principal City,,,,,,,Tuolumne County Transit Agency,Public Operator,https://www.tuolumnecountytransit.com/,2 S Green Street,95370,209-533-5603,Executive Director,CALACT Member,Darin Grossi,dgrossi@co.tuolumne.ca.us,,Independent Public Agency,Sonora
YouTube,https://www.youtube.com/@CityOfTurlock,No,26,,,,,,,Turlock,City of Turlock,90201,Local Government,87867,Full Reporter,10,22,8282704,0,3874,Stanislaus,Small Rural City,,,,,,,"Turlock, City of",Local Government,http://www.turlocktransit.com,1418 N Golden State Blvd Ste 1,95380,209-669-2800,Transit Manager,CALACT Member,Wayne York,wyork@turlock.ca.us,Local Government,Local Government,Turlock
No,,,,,,,,,,Union City,City of Union City,90161,Local Government,72991,Reduced Reporter,18,18,4871279,0,6266,Alameda,Suburban City,Steve Adams,sadams@unioncity.org,4833111,small,CTA Member,,"Union City, City of",Local Government,http://www.uctransit.org,34009 Alvarado-Niles Road,94587,510-675-5446,Transit Manager,CALACT Member,Steve Adams,sadams@unioncity.org,Local Government,Local Government,Union City
No,,,,,,,,,,"University of California, Davis","University of California, Davis",90142,Other,72611,Full Reporter,35,13,6095562,0,5157,Yolo,Small Rural City,Jeff Flynn,jjflynn@ucdavis.edu,5871117,small,CTA Member,,,,,,,,,,,,,Other,Davis
Granicus,https://www.ci.vacaville.ca.us/government/agendas-and-minutes?locale=en,No,26,,,,,,,Vacaville,City of Vacaville,90155,Local Government,100032,Reduced Reporter,15,27,2700891,0,3398,Solano,Suburban City,,,,,,,"Vacaville, City of",Local Government,citycoach.com,1001 Allison Drive,95687,707-449-6000,Management Analyst II,CALACT Member,Lori DaMassa,lori.damassa@cityofvacaville.com,Local Government,Local Government,Vacaville
YouTube,https://www.ventura.org/government/meetings-and-broadcasts/,No,109,,,,,,,Ventura County Transportation Commission,Ventura County Transportation Commission,90164,MPO/RTPA,199943,Full Reporter,45,28,11035292,0,4352,Ventura,Suburban City,Darren Kettle,Dkettle@goventura.org,9158975,small,CTA Member,,"Ventura County Transportation Commission, CTSA/RTPA",Local or Regional Government Agency,http://www.goventura.org,751 E Daily Drive Ste 420,93010,805-642-1591,Executive Director,CALACT Member,Darren Kettle,dkettle@goventura.org,,MPO/RTPA,Ventura
No,,,,,,,,,,Victor Valley Transit Authority,Victor Valley Transit Authority,90148,Independent Public Agency,344288,Full Reporter,302,327,34090443,1,1969,San Bernardino,Suburban City,Kevin Kane,Kkane@vvta.org,22474323,small,CTA Member,,Victor Valley Transit Authority,Public Operator,http://vvta.org,17150 Smoke Tree Street,92345,"760-948-4021, 118",Executive Director/Chief Executive Officer,CALACT Member,Kevin Kane,kkane@vvta.org,,Independent Public Agency,Hesperia
Granicus,https://visalia.legistar.com/Calendar.aspx,No,23,67,,,,,,Visalia,City of Visalia,90091,Local Government,136246,Full Reporter,39,44,10875718,1,3460,Tulare,Principal City,Angelina Soper,Angelina.Soper@visalia.city,10685140,small,CTA Member,,"Visalia, City of",Local Government,http://visalia.city,425 E Oak Avenue Ste 301,93291,559-713-4100,Financial Analyst,CALACT Member,Carmen Quevedo,Carmen.Quevedo@Visalia.City,Local Government,Local Government,Visalia
Own Website,https://www.westcovina.org/about-the-city/live-streaming-video,No,43,,,,,,,West Covina,City of West Covina,90293,Local Government,107634,Reduced Reporter,8,16,1301723,0,6999,Los Angeles,Suburban City,,,,,,,"Covina, City of",Local or Regional Government Agency,http://covinaca.gov/,125 E College Street,91723,626-384-5520,Management Analyst,CALACT Member,Raphael Guillen,rguillen@covinaca.gov,,Local Government,West Covina
Granicus,https://www.weho.org/city-government/wehotv/city-council-meetings,No,23,,,,,,,West Hollywood,City of West Hollywood,90294,Local Government,35288,Reduced Reporter,10,2,2016784,0,6999,Los Angeles,Suburban City,,,,,,,"West Hollywood, City of",Local Government,http://www.weho.org,8300 Santa Monica Blvd,90069,323-848-6510,Transportation Program Administrator,CALACT Member,Francisco Gomez,fgomez@weho.org,Local Government,Local Government,West Hollywood
Own Website,https://www.westcat.org/Home/InsBoard,No,12,,,,,,,Western Contra Costa Transit Authority,Western Contra Costa Transit Authority,90159,Independent Public Agency,64925,Full Reporter,50,20,11422044,0,6266,Contra Costa,Suburban City,Charles Anderson,charlie@westcat.org,10563066,small,CTA Member,,Western Contra Costa Transit Authority,Public Operator,http://www.westcat.org,601 Walter Avenue,94564,510-724-3331,General Manager,CALACT Member,Charlie Anderson,charlie@westcat.org,,Independent Public Agency,Pinole
No,,,,,,,,,,Whittier - Transit,,,Local Government,,,,,,0,,,,,,,,,,"Whittier, City of - Transit",Local or Regional Government Agency,http://www.cityofwhittier.org,13230 Penn Street,90602,562-567-9480,Community Services Manager,CALACT Member,Martin Browne,mbrowne@cityofwhittier.org,,Local Government,Whittier
YouTube,https://www.youtube.com/@YoloTD,No,7,,,,,,,Yolo County Transportation District,Yolo County Transportation District,90090,Independent Public Agency,528880,Full Reporter,50,109,17914239,0,3660,Yolo,Small Rural City,Jose Perez,jperez@yctd.org,13346532,small,CTA Member,,Yolo County Transportation District,Public Operator,http://www.yolobus.com,350 Industrial Way,95776,530-666-2877,"Deputy Director Operations, Planning & Special Projects",CALACT Member,Jose Perez,jperez@yctd.org,,Independent Public Agency,Woodland
No,,,,,,,,,,Yosemite Area Regional Transportation System,Yosemite Area Regional Transportation System,9R02-91070,Independent Public Agency,,Rural Reporter,10,,,0,,Merced,Principal City,,,,,,,,,,,,,,,,,,Independent Public Agency,Merced
No,,,,,,,,,,Yuba-Sutter Transit Authority,Yuba-Sutter Transit Authority,90061,Independent Public Agency,142481,Full Reporter,34,813,11609661,1,3019,Yuba,Small Rural City,Keith Martin,keith@yubasuttertransit.com,7265304,small,CTA Member,,Yuba-Sutter Transit Authority,Public Operator,http://www.yubasuttertransit.com,2100 B Street,95901,530-634-6880,Executive Director,CALACT Member,Keith Martin,keith@yubasuttertransit.com,,Independent Public Agency,Marysville
No,,,,,,,,,,Yurok Tribe,Yurok Tribe,99262,Other,,Reduced Reporter,4,,549612,0,0,Del Norte,Small Rural City,,,,,,,,,,,,,,,,,,Other,Klamath